Date,AMZN,NVDA,COST
2018-03-12,1598.390015,247.841309,179.446548
2018-03-13,1588.180054,245.807083,177.636627
2018-03-14,1591,246.829163,174.954971
2018-03-15,1582.319946,247.424561,175.788834
2018-03-16,1571.680054,248.555786,176.129974
2018-03-19,1544.930054,239.148636,174.500076
2018-03-20,1586.51001,247.66272,177.532394
2018-03-21,1581.859985,246.650558,176.319489
2018-03-22,1544.920044,239.992065,173.069229
2018-03-23,1495.560059,231.180344,171.363525
2018-03-26,1555.859985,242.601898,177.40921
2018-03-27,1497.050049,223.787537,173.552505
2018-03-28,1431.420044,219.649597,173.988419
2018-03-29,1447.339966,229.810913,178.555817
2018-04-02,1371.98999,219.351883,173.173447
2018-04-03,1392.050049,223.618851,173.040802
2018-04-04,1410.569946,224.502014,175.798325
2018-04-05,1451.75,219.679367,176.490067
2018-04-06,1405.22998,212.604141,174.320084
2018-04-09,1406.079956,213.755203,174.74646
2018-04-10,1436.219971,226.159164,173.931549
2018-04-11,1427.050049,224.502014,174.973892
2018-04-12,1448.5,232.797791,178.92543
2018-04-13,1430.790039,229.721573,179.010666
2018-04-16,1441.5,229.7117,184.383545
2018-04-17,1503.829956,235.715179,185.729156
2018-04-18,1527.839966,234.554214,186.212433
2018-04-19,1556.910034,227.280487,184.847855
2018-04-20,1527.48999,226.953049,183.416977
2018-04-23,1517.859985,222.160172,183.218002
2018-04-24,1460.089966,219.500732,182.422012
2018-04-25,1460.170044,214.995605,183.805511
2018-04-26,1517.959961,223.489853,185.027893
2018-04-27,1572.619995,224.591354,186.278748
2018-04-30,1566.130005,223.172302,186.828354
2018-05-01,1582.26001,225.395096,186.250305
2018-05-02,1569.680054,224.571457,183.833939
2018-05-03,1572.079956,231.200165,182.895813
2018-05-04,1580.949951,237.223541,184.961594
2018-05-07,1600.140015,246.769608,182.943161
2018-05-08,1592.390015,248.47641,184.288742
2018-05-09,1608,253.815094,185.767014
2018-05-10,1609.079956,258.131653,185.748032
2018-05-11,1602.910034,252.574692,186.042648
2018-05-14,1601.540039,253.398315,186.156708
2018-05-15,1576.119995,243.673599,185.776566
2018-05-16,1587.280029,244.120148,188.846222
2018-05-17,1581.76001,245.807083,189.692047
2018-05-18,1574.369995,244.05069,189.083817
2018-05-21,1585.459961,242.363754,189.711044
2018-05-22,1581.400024,240.835556,189.093292
2018-05-23,1601.859985,245.790283,188.30452
2018-05-24,1603.069946,245.939224,189.017273
2018-05-25,1610.150024,247.51799,188.513596
2018-05-29,1612.869995,246.83287,186.974014
2018-05-30,1624.890015,251.201797,189.730042
2018-05-31,1629.619995,250.407425,188.399536
2018-06-01,1641.540039,255.799026,187.34465
2018-06-04,1665.27002,262.977936,188.760696
2018-06-05,1696.349976,263.196411,188.019379
2018-06-06,1695.75,263.275818,187.848343
2018-06-07,1689.300049,261.041718,192.514587
2018-06-08,1683.98999,260.426086,193.645508
2018-06-11,1689.119995,258.777802,194.348816
2018-06-12,1698.75,260.723969,194.709915
2018-06-13,1704.859985,260.545319,193.978149
2018-06-14,1723.859985,265.023407,194.938019
2018-06-15,1715.969971,263.38504,197.028824
2018-06-18,1723.790039,263.216217,195.973923
2018-06-19,1734.780029,258.331024,197.228394
2018-06-20,1750.079956,260.455902,197.656021
2018-06-21,1730.219971,255.292648,199.537796
2018-06-22,1715.670044,249.176178,200.621216
2018-06-25,1663.150024,237.429825,201.238922
2018-06-26,1691.089966,240.279541,199.661316
2018-06-27,1660.51001,234.053818,199.604309
2018-06-28,1701.449951,239.157532,198.349854
2018-06-29,1699.800049,235.225494,198.606415
2018-07-02,1713.780029,240.52774,197.665573
2018-07-03,1693.959961,235.165939,196.838745
2018-07-05,1699.72998,241.014297,198.758484
2018-07-06,1710.630005,245.581772,199.214645
2018-07-09,1739.02002,247.488205,200.469116
2018-07-10,1743.069946,251.459915,201.191391
2018-07-11,1755,245.78038,200.478638
2018-07-12,1796.619995,249.454193,203.396255
2018-07-13,1813.030029,247.557724,205.791138
2018-07-16,1822.48999,246.445633,204.185059
2018-07-17,1843.930054,251.89682,204.327576
2018-07-18,1842.920044,249.920868,204.299072
2018-07-19,1812.969971,250.24855,206.741501
2018-07-20,1813.699951,249.116623,207.834412
2018-07-23,1802,247.647064,207.97699
2018-07-24,1829.23999,246.952042,207.729889
2018-07-25,1863.609985,250.089706,209.744614
2018-07-26,1808,253.038696,210.71402
2018-07-27,1817.27002,250.238647,208.74675
2018-07-30,1779.219971,242.404404,208.233597
2018-07-31,1777.439941,243.129242,207.853455
2018-08-01,1797.170044,244.727859,206.351868
2018-08-02,1834.329956,248.848495,210.143814
2018-08-03,1823.290039,250.318069,211.008636
2018-08-06,1847.75,252.234421,211.664352
2018-08-07,1862.47998,255.133789,212.747803
2018-08-08,1886.52002,256.593445,213.432037
2018-08-09,1898.52002,254.647263,207.406784
2018-08-10,1886.300049,252.989029,209.374023
2018-08-13,1896.199951,254.309647,208.66124
2018-08-14,1919.650024,259.582092,210.980118
2018-08-15,1882.619995,257.248749,210.666489
2018-08-16,1886.52002,255.620285,212.111053
2018-08-17,1882.219971,243.089493,214.477463
2018-08-20,1876.709961,246.088181,216.06456
2018-08-21,1883.420044,251.529434,217.195496
2018-08-22,1904.900024,260.96228,217.832199
2018-08-23,1902.900024,264.953857,218.117325
2018-08-24,1905.390015,270.295868,219.799484
2018-08-27,1927.680054,273.949829,218.611511
2018-08-28,1932.819946,272.440582,218.830093
2018-08-29,1998.099976,276.672791,218.763611
2018-08-30,2002.380005,275.997192,219.916351
2018-08-31,2012.709961,278.84848,222.10762
2018-09-04,2039.51001,281.848755,223.584335
2018-09-05,1994.819946,276.60321,224.470367
2018-09-06,1958.310059,270.94043,225.489777
2018-09-07,1952.069946,270.086029,230.043793
2018-09-10,1939.01001,272.937286,231.682465
2018-09-11,1987.150024,271.019867,232.663788
2018-09-12,1990,266.449951,230.977432
2018-09-13,1989.869995,269.569458,229.862747
2018-09-14,1970.189941,274.62619,224.251221
2018-09-17,1908.030029,272.142517,221.031052
2018-09-18,1941.050049,269.251495,223.269943
2018-09-19,1926.420044,270.205292,222.793579
2018-09-20,1944.300049,264.54245,222.860275
2018-09-21,1915.01001,261.730927,223.660538
2018-09-24,1934.359985,263.966217,222.307663
2018-09-25,1974.550049,266.658569,221.917084
2018-09-26,1974.849976,265.178284,222.755447
2018-09-27,2012.97998,265.655121,222.936493
2018-09-28,2003,279.186279,223.774902
2018-10-01,2004.359985,287.471832,223.555725
2018-10-02,1971.310059,284.610657,225.175385
2018-10-03,1952.76001,284.858978,222.174286
2018-10-04,1909.420044,277.46756,220.726166
2018-10-05,1889.650024,268.09906,208.474213
2018-10-08,1864.420044,264.035736,213.342621
2018-10-09,1870.319946,263.807312,213.571228
2018-10-10,1755.25,244.086823,210.598755
2018-10-11,1719.359985,233.595718,211.332367
2018-10-12,1788.609985,244.931259,216.219818
2018-10-15,1760.949951,233.844086,213.895157
2018-10-16,1819.959961,244.225891,216.915314
2018-10-17,1831.72998,241.473969,217.687027
2018-10-18,1770.719971,237.967026,217.772751
2018-10-19,1764.030029,227.674606,218.811188
2018-10-22,1789.300049,229.711258,218.230042
2018-10-23,1768.699951,219.617523,217.934708
2018-10-24,1664.199951,198.10878,213.180634
2018-10-25,1782.170044,206.48378,215.695816
2018-10-26,1642.810059,196.996078,207.873993
2018-10-29,1538.880005,184.408798,211.903992
2018-10-30,1530.420044,201.675354,217.143951
2018-10-31,1598.01001,209.4543,217.820404
2018-11-01,1665.530029,216.686752,218.744522
2018-11-02,1665.530029,213.517593,219.278061
2018-11-05,1627.800049,210.388168,223.365204
2018-11-06,1642.810059,209.682785,225.518341
2018-11-07,1755.48999,212.394974,229.00531
2018-11-08,1754.910034,204.645874,227.954849
2018-11-09,1712.430054,204.327957,227.038055
2018-11-12,1636.849976,188.303207,223.924789
2018-11-13,1631.170044,198.00946,223.600098
2018-11-14,1599.01001,195.90329,222.80748
2018-11-15,1619.439941,201.069351,219.589172
2018-11-16,1593.410034,163.35704,220.62056
2018-11-19,1512.290039,143.755798,218.443192
2018-11-20,1495.459961,148.107208,209.437668
2018-11-21,1516.72998,143.765762,208.730988
2018-11-23,1502.060059,144.053833,210.1539
2018-11-26,1581.329956,152.0513,209.571381
2018-11-27,1581.420044,152.726868,212.971146
2018-11-28,1677.75,159.025513,219.971146
2018-11-29,1673.569946,156.489594,220.60144
2018-11-30,1690.170044,162.526047,220.868851
2018-12-03,1772.359985,169.099472,221.632843
2018-12-04,1668.400024,156.240997,216.160782
2018-12-06,1699.189941,157.414459,222.702423
2018-12-07,1629.130005,146.793549,214.737839
2018-12-10,1641.030029,151.020035,212.636871
2018-12-11,1643.23999,147.370331,216.304031
2018-12-12,1663.540039,148.076401,217.545517
2018-12-13,1658.380005,148.066437,216.313568
2018-12-14,1591.910034,145.639954,197.73912
2018-12-17,1520.910034,142.785812,193.126556
2018-12-18,1551.47998,146.127243,193.852356
2018-12-19,1495.079956,137.743866,192.343475
2018-12-20,1460.829956,134.352753,188.256119
2018-12-21,1377.449951,128.853348,185.763611
2018-12-24,1343.959961,126.377098,181.437531
2018-12-26,1470.900024,132.363815,189.688599
2018-12-27,1461.640015,130.444458,192.028336
2018-12-28,1478.02002,132.910767,192.945099
2018-12-31,1501.969971,132.761597,194.539932
2019-01-02,1539.130005,135.466537,195.542664
2019-01-03,1500.280029,127.282051,191.398041
2019-01-04,1575.390015,135.436707,196.956039
2019-01-07,1629.51001,142.606812,197.681808
2019-01-08,1656.579956,139.05658,199.162079
2019-01-09,1659.420044,141.791367,200.451279
2019-01-10,1656.219971,144.426727,201.157959
2019-01-11,1640.560059,148.006775,201.033813
2019-01-14,1617.209961,149.607864,199.591812
2019-01-15,1674.560059,149.041031,201.530411
2019-01-16,1683.780029,148.016754,200.718689
2019-01-17,1693.219971,150.880829,201.94104
2019-01-18,1696.199951,156.061981,203.975159
2019-01-22,1632.170044,147.947128,202.83873
2019-01-23,1640.02002,148.464218,202.542694
2019-01-24,1654.930054,156.966934,200.842819
2019-01-25,1670.569946,159.26416,199.65863
2019-01-28,1637.890015,137.246658,201.282104
2019-01-29,1593.880005,130.872116,200.842819
2019-01-30,1670.430054,136.630081,201.835983
2019-01-31,1718.72998,142.95488,204.968353
2019-02-01,1626.22998,143.929459,200.804642
2019-02-04,1633.310059,148.354843,201.67363
2019-02-05,1658.810059,149.12059,202.084305
2019-02-06,1640.26001,152.153717,202.074753
2019-02-07,1614.369995,146.604599,200.178787
2019-02-08,1588.219971,147.350449,198.933929
2019-02-11,1591,145.639954,199.862778
2019-02-12,1638.01001,150.333832,202.907822
2019-02-13,1640,152.034409,203.769653
2019-02-14,1622.650024,153.675262,204.765503
2019-02-15,1607.949951,156.469742,207.283905
2019-02-19,1627.579956,155.773605,208.863876
2019-02-20,1622.099976,157.673019,207.896744
2019-02-21,1619.439941,154.908417,206.096527
2019-02-22,1631.560059,158.309509,207.111557
2019-02-25,1633,157.812271,207.83931
2019-02-26,1636.400024,156.231049,208.375519
2019-02-27,1641.089966,154.5504,208.79686
2019-02-28,1639.829956,153.564865,209.457581
2019-03-01,1671.72998,155.744995,210.127884
2019-03-04,1696.170044,156.073502,209.141602
2019-03-05,1692.430054,155.814682,210.491745
2019-03-06,1668.949951,151.364807,209.926788
2019-03-07,1625.949951,148.587372,207.590317
2019-03-08,1620.800049,149.961166,218.152252
2019-03-11,1670.619995,160.413864,219.942917
2019-03-12,1673.099976,161.787643,223.074158
2019-03-13,1690.810059,167.860153,226.349014
2019-03-14,1686.219971,164.813934,223.916779
2019-03-15,1712.359985,169.044785,223.686981
2019-03-18,1742.150024,168.188675,226.55011
2019-03-19,1761.849976,174.918182,226.990585
2019-03-20,1797.27002,173.61412,226.923523
2019-03-21,1819.26001,183.111115,229.374893
2019-03-22,1764.77002,176.700119,227.478943
2019-03-25,1774.26001,172.996887,226.913956
2019-03-26,1783.76001,176.072952,228.924866
2019-03-27,1765.699951,175.704636,229.250412
2019-03-28,1773.420044,176.451263,230.983627
2019-03-29,1780.75,178.750839,231.864563
2019-04-01,1814.189941,181.458588,233.827591
2019-04-02,1813.97998,182.175339,230.294174
2019-04-03,1820.699951,187.770035,232.19014
2019-04-04,1818.859985,187.411636,234.028641
2019-04-05,1837.280029,190.089523,235.436279
2019-04-08,1849.859985,190.925735,236.058701
2019-04-09,1835.839966,188.40712,234.517029
2019-04-10,1847.329956,191.23436,235.187332
2019-04-11,1844.069946,190.676865,231.002747
2019-04-12,1843.060059,189.153748,231.682648
2019-04-15,1844.869995,183.867661,235.876785
2019-04-16,1863.040039,187.361877,234.928772
2019-04-17,1864.819946,186.446014,235.13942
2019-04-18,1861.689941,185.46048,235.378845
2019-04-22,1887.310059,187.620697,233.09024
2019-04-23,1923.77002,189.810776,235.158615
2019-04-24,1901.75,190.308533,237.437607
2019-04-25,1902.25,186.067734,235.17775
2019-04-26,1950.630005,177.28746,233.473297
2019-04-29,1938.430054,178.521896,233.913773
2019-04-30,1926.52002,180.184357,235.110718
2019-05-01,1911.52002,179.656754,231.337921
2019-05-02,1900.819946,182.364487,232.39122
2019-05-03,1962.459961,182.185303,234.239334
2019-05-06,1950.550049,179.039551,233.865875
2019-05-07,1921,172.329895,229.987732
2019-05-08,1917.77002,173.136261,231.098526
2019-05-09,1899.869995,169.42308,233.767746
2019-05-10,1889.97998,168.05925,237.176254
2019-05-13,1822.680054,157.735977,232.279495
2019-05-14,1840.119995,161.309814,233.05722
2019-05-15,1871.150024,158.860886,234.919922
2019-05-16,1907.569946,159.46814,237.579529
2019-05-17,1869,155.824631,238.453293
2019-05-20,1858.969971,151.066177,238.981339
2019-05-21,1857.52002,154.361252,239.970306
2019-05-22,1859.680054,151.51413,239.567032
2019-05-23,1815.47998,146.656143,238.626099
2019-05-24,1823.280029,144.495895,237.445129
2019-05-28,1836.430054,142.684113,236.494568
2019-05-29,1819.189941,139.707565,231.098541
2019-05-30,1816.319946,138.64119,231.914642
2019-05-31,1775.069946,135.00351,230.032776
2019-06-03,1692.689941,133.329163,231.463379
2019-06-04,1729.560059,142.518097,235.822495
2019-06-05,1738.5,140.803894,238.078812
2019-06-06,1754.359985,143.295471,241.19931
2019-06-07,1804.030029,145.009659,245.808029
2019-06-10,1860.630005,147.929779,246.614532
2019-06-11,1863.699951,150.241959,246.864166
2019-06-12,1855.319946,145.707291,246.979416
2019-06-13,1870.300049,147.760345,249.36058
2019-06-14,1869.670044,144.152542,249.783035
2019-06-17,1886.030029,144.541245,251.012054
2019-06-18,1901.369995,152.364807,252.269806
2019-06-19,1908.790039,152.603989,253.153183
2019-06-20,1918.189941,153.580673,256.696136
2019-06-21,1911.300049,151.248566,255.524734
2019-06-24,1913.900024,152.145523,256.139221
2019-06-25,1878.27002,150.969498,255.745575
2019-06-26,1897.829956,158.723282,253.873291
2019-06-27,1904.280029,162.679916,254.996689
2019-06-28,1893.630005,163.676529,253.729279
2019-07-01,1922.189941,165.610001,253.047546
2019-07-02,1934.310059,161.683273,254.891037
2019-07-03,1939,162.201538,258.414795
2019-07-05,1942.910034,159.690033,257.560211
2019-07-08,1952.319946,156.680222,258.664368
2019-07-09,1988.300049,156.779892,259.211731
2019-07-10,2017.410034,159.520599,260.603973
2019-07-11,2001.069946,165.71962,265.519897
2019-07-12,2011,167.045166,268.304382
2019-07-15,2020.98999,166.706299,269.398895
2019-07-16,2009.900024,166.516922,269.466095
2019-07-17,1992.030029,169.138077,270.339874
2019-07-18,1977.900024,169.606491,271.636078
2019-07-19,1964.52002,167.87236,270.29184
2019-07-22,1985.630005,170.742645,269.005249
2019-07-23,1994.48999,175.068008,268.938049
2019-07-24,2000.810059,178.057922,269.638947
2019-07-25,1973.819946,172.7957,268.649963
2019-07-26,1943.050049,174.480026,270.15741
2019-07-29,1912.449951,174.230881,268.966858
2019-07-30,1898.530029,174.858734,268.361938
2019-07-31,1866.780029,168.151382,264.64621
2019-08-01,1855.319946,164.364227,263.628418
2019-08-02,1823.23999,160.646805,261.64093
2019-08-05,1765.130005,150.281815,254.535812
2019-08-06,1787.829956,151.836594,258.578003
2019-08-07,1793.400024,153.371399,263.369171
2019-08-08,1832.890015,157.726639,263.849243
2019-08-09,1807.579956,153.6604,263.023529
2019-08-12,1784.920044,150.939621,260.498322
2019-08-13,1824.339966,155.524109,265.251038
2019-08-14,1762.959961,149.56427,257.464233
2019-08-15,1776.119995,148.268631,260.699951
2019-08-16,1792.569946,159.022293,263.177155
2019-08-19,1816.119995,170.204468,264.626984
2019-08-20,1801.380005,167.30426,262.092163
2019-08-21,1823.540039,170.652954,264.694153
2019-08-22,1804.660034,170.9021,268.765228
2019-08-23,1749.619995,161.892593,263.090729
2019-08-26,1768.869995,164.89241,267.363373
2019-08-27,1761.829956,161.254745,280.728699
2019-08-28,1764.25,160.835739,282.754547
2019-08-29,1786.400024,166.601959,285.381592
2019-08-30,1776.290039,167.110748,283.639923
2019-09-03,1789.839966,163.778687,281.032104
2019-09-04,1800.619995,168.357742,284.948578
2019-09-05,1840.719971,179.3116,285.76651
2019-09-06,1833.51001,178.224182,292.300323
2019-09-09,1831.349976,180.069794,287.71994
2019-09-10,1820.550049,182.743393,285.79538
2019-09-11,1822.98999,183.890671,279.72345
2019-09-12,1843.550049,183.830811,278.953644
2019-09-13,1839.339966,181.506363,280.887787
2019-09-16,1807.839966,179.780472,277.798859
2019-09-17,1822.550049,180.638443,280.41629
2019-09-18,1817.459961,179.55101,281.397766
2019-09-19,1821.5,176.51825,276.971344
2019-09-20,1794.160034,172.278412,275.556793
2019-09-23,1785.300049,174.423279,276.721161
2019-09-24,1741.609985,172.11879,277.048309
2019-09-25,1768.329956,177.805191,277.625671
2019-09-26,1739.839966,176.917313,277.385162
2019-09-27,1725.449951,171.350616,275.162262
2019-09-30,1735.910034,173.655121,277.240753
2019-10-01,1735.650024,173.585266,273.218475
2019-10-02,1713.22998,172.627563,274.353973
2019-10-03,1724.420044,180.877853,278.097229
2019-10-04,1739.650024,181.536285,280.666473
2019-10-07,1732.660034,183.890671,282.340851
2019-10-08,1705.51001,176.807571,280.878174
2019-10-09,1721.98999,180.279297,285.699158
2019-10-10,1720.26001,182.59375,285.930115
2019-10-11,1731.920044,185.546707,286.372742
2019-10-14,1736.430054,186.085403,286.295776
2019-10-15,1767.380005,195.901947,287.132996
2019-10-16,1777.430054,193.747131,287.508209
2019-10-17,1787.47998,193.826889,290.991608
2019-10-18,1757.51001,190.03598,291.434265
2019-10-21,1785.660034,195.542816,289.721436
2019-10-22,1765.72998,195.143784,288.653351
2019-10-23,1762.170044,194.625,286.103302
2019-10-24,1780.780029,196.390808,285.843506
2019-10-25,1761.329956,204.052475,285.31424
2019-10-28,1777.079956,206.297119,287.66217
2019-10-29,1762.709961,202.436356,284.698364
2019-10-30,1779.98999,202.516159,288.528259
2019-10-31,1776.660034,200.540878,286.522339
2019-11-01,1791.439941,202.107147,285.538696
2019-11-04,1804.660034,209.998276,286.242706
2019-11-05,1801.709961,209.110397,288.518585
2019-11-06,1795.77002,207.135117,290.823425
2019-11-07,1788.199951,207.84343,294.33374
2019-11-08,1785.880005,207.28476,291.835999
2019-11-11,1771.650024,207.683807,290.119446
2019-11-12,1778,209.110397,289.791534
2019-11-13,1753.109985,208.072891,292.106049
2019-11-14,1754.599976,209.289978,293.735809
2019-11-15,1739.48999,203.703323,292.838959
2019-11-18,1752.530029,211.774033,293.687592
2019-11-19,1752.790039,207.494263,291.469513
2019-11-20,1745.530029,210.676651,289.85907
2019-11-21,1734.709961,209.679031,289.569794
2019-11-22,1745.719971,210.38736,288.643982
2019-11-25,1773.839966,220.682755,288.393219
2019-11-26,1796.939941,216.482788,290.505219
2019-11-27,1818.51001,217.880493,290.042297
2019-11-29,1800.800049,216.382965,289.12616
2019-12-02,1781.599976,208.905273,286.792419
2019-12-03,1769.959961,207.317917,285.133698
2019-12-04,1760.689941,209.074997,285.953369
2019-12-05,1740.47998,208.396118,282.655273
2019-12-06,1751.599976,211.82048,284.439392
2019-12-09,1749.51001,211.82048,284.641876
2019-12-10,1739.209961,213.627502,285.239746
2019-12-11,1748.719971,216.981964,284.776855
2019-12-12,1760.329956,223.700897,286.744202
2019-12-13,1760.939941,223.621002,281.469086
2019-12-16,1769.209961,224.779083,283.041016
2019-12-17,1790.660034,227.913895,285.017944
2019-12-18,1784.030029,229.131897,281.469086
2019-12-19,1792.280029,235.072113,283.2435
2019-12-20,1786.5,238.975662,284.323608
2019-12-23,1793,238.42659,282.857788
2019-12-24,1789.209961,238.226913,283.744995
2019-12-26,1868.77002,238.795975,285.191559
2019-12-27,1869.800049,236.479767,283.629242
2019-12-30,1846.890015,231.937271,284.622589
2019-12-31,1847.839966,234.912384,283.446075
2020-01-02,1898.01001,239.514771,281.102661
2020-01-03,1874.969971,235.681122,281.334106
2020-01-06,1902.880005,236.669479,281.411194
2020-01-07,1906.859985,239.534729,280.967651
2020-01-08,1891.969971,239.984009,284.188629
2020-01-09,1901.050049,242.619659,288.750092
2020-01-10,1883.160034,243.917511,286.647736
2020-01-13,1891.300049,251.56488,289.184052
2020-01-14,1869.439941,246.872635,289.068268
2020-01-15,1862.02002,245.165436,290.100159
2020-01-16,1877.939941,248.519913,292.231415
2020-01-17,1864.719971,248.869354,293.822601
2020-01-21,1892,247.531555,302.096863
2020-01-22,1887.459961,249.697983,300.775726
2020-01-23,1884.579956,252.443451,301.730408
2020-01-24,1861.640015,250.067352,299.444855
2020-01-27,1828.339966,239.804306,298.422607
2020-01-28,1853.25,247.561493,299.772766
2020-01-29,1858,245.135498,298.547974
2020-01-30,1870.680054,245.40506,298.441925
2020-01-31,2008.719971,236.040497,294.63266
2020-02-03,2004.199951,239.934097,291.238129
2020-02-04,2049.669922,246.722885,294.03476
2020-02-05,2039.869995,250.346893,297.94046
2020-02-06,2050.22998,253.831161,300.172821
2020-02-07,2079.280029,251.175537,303.091339
2020-02-10,2133.909912,262.536804,303.246002
2020-02-11,2150.800049,267.448669,300.240479
2020-02-12,2160,272.091034,304.531311
2020-02-13,2149.870117,270.333923,307.507782
2020-02-14,2134.870117,289.312592,307.614105
2020-02-18,2155.669922,296.081451,311.228394
2020-02-19,2170.219971,314.18161,312.165802
2020-02-20,2153.100098,308.191467,313.190216
2020-02-21,2095.969971,293.585571,311.131805
2020-02-24,2009.290039,272.829834,303.081665
2020-02-25,1972.73999,261.618317,294.625702
2020-02-26,1979.589966,267.209076,295.418182
2020-02-27,1884.300049,252.334732,283.280212
2020-02-28,1883.75,269.786346,271.693085
2020-03-02,1953.949951,276.139679,298.752258
2020-03-03,1908.98999,265.610779,292.557648
2020-03-04,1975.829956,284.211243,309.962433
2020-03-05,1924.030029,273.002991,305.14978
2020-03-06,1901.089966,265.76062,300.878265
2020-03-09,1800.609985,245.182236,291.832855
2020-03-10,1891.819946,260.805786,299.003479
2020-03-11,1820.859985,246.211151,287.435699
2020-03-12,1676.609985,216.082809,270.446442
2020-03-13,1785,240.587051,292.113068
2020-03-16,1689.150024,196.19371,273.66452
2020-03-17,1807.839966,217.041824,296.6745
2020-03-18,1830,202.606995,297.167358
2020-03-19,1880.930054,212.746323,294.963959
2020-03-20,1846.089966,205.53392,280.661255
2020-03-23,1902.829956,212.466629,275.935577
2020-03-24,1940.099976,248.918304,275.365417
2020-03-25,1885.839966,245.36203,271.422455
2020-03-26,1955.48999,256.969818,282.478088
2020-03-27,1900.099976,252.464569,274.775879
2020-03-30,1963.949951,265.311066,281.337708
2020-03-31,1949.719971,263.323181,275.549011
2020-04-01,1907.699951,242.814728,277.143555
2020-04-02,1918.829956,255.201691,281.685669
2020-04-03,1906.589966,243.653854,278.950714
2020-04-06,1997.589966,268.118073,294.86731
2020-04-07,2011.599976,258.757935,293.427368
2020-04-08,2043,266.669647,295.688782
2020-04-09,2042.76001,262.673859,289.928986
2020-04-13,2168.870117,269.566589,289.552124
2020-04-14,2283.320068,283.651794,303.584229
2020-04-15,2307.679932,280.545044,299.844208
2020-04-16,2408.189941,294.390503,310.754883
2020-04-17,2375,292.013,307.237213
2020-04-20,2393.610107,286.748535,301.593445
2020-04-21,2328.120117,269.22699,291.204681
2020-04-22,2363.48999,285.849487,299.022858
2020-04-23,2399.449951,283.711731,295.137909
2020-04-24,2410.219971,289.285889,300.114838
2020-04-27,2376,296.767975,298.404297
2020-04-28,2314.080078,291.053955,294.703033
2020-04-29,2372.709961,298.146545,296.771149
2020-04-30,2474,291.973053,293.487549
2020-05-01,2286.040039,282.483002,292.441467
2020-05-04,2315.98999,290.98407,294.930756
2020-05-05,2317.800049,293.431488,298.253082
2020-05-06,2351.26001,297.477234,299.192627
2020-05-07,2367.610107,304.549805,295.424774
2020-05-08,2379.610107,312.171783,296.335266
2020-05-11,2409,322.281158,300.587372
2020-05-12,2356.949951,311.772217,295.269775
2020-05-13,2367.919922,310.873199,292.654572
2020-05-14,2388.850098,320.88266,290.329865
2020-05-15,2409.780029,339.273315,289.816498
2020-05-18,2426.26001,349.642426,293.255096
2020-05-19,2449.330078,351.850098,295.066376
2020-05-20,2497.939941,358.423157,295.337585
2020-05-21,2446.73999,350.641388,292.489838
2020-05-22,2436.879883,360.670776,292.935425
2020-05-26,2421.860107,348.34375,295.231018
2020-05-27,2410.389893,340.651855,296.403046
2020-05-28,2401.100098,339.123474,299.841583
2020-05-29,2442.370117,354.647156,298.785828
2020-06-01,2471.040039,351.880066,298.61145
2020-06-02,2472.409912,352.639252,297.449158
2020-06-03,2478.399902,350.411591,297.013306
2020-06-04,2460.600098,350.451569,300.994232
2020-06-05,2483,356.587921,302.243713
2020-06-08,2524.060059,351.990692,297.54599
2020-06-09,2600.860107,361.624939,295.957458
2020-06-10,2647.449951,374.447327,297.68158
2020-06-11,2557.959961,351.6409,291.385651
2020-06-12,2545.02002,357.087616,289.32254
2020-06-15,2572.679932,366.731934,287.85025
2020-06-16,2615.27002,362.524414,291.899017
2020-06-17,2640.97998,369.220428,290.203949
2020-06-18,2653.97998,368.500854,290.165222
2020-06-19,2675.01001,370.229828,290.484833
2020-06-22,2713.820068,380.843506,291.017609
2020-06-23,2764.409912,377.77533,291.831238
2020-06-24,2734.399902,369.200439,288.663879
2020-06-25,2754.580078,379.37439,291.095093
2020-06-26,2692.870117,365.982361,287.249695
2020-06-29,2680.379883,367.781281,292.121765
2020-06-30,2758.820068,379.684204,293.690918
2020-07-01,2878.699951,380.97345,295.182587
2020-07-02,2890.300049,384.261475,296.141479
2020-07-06,3057.040039,393.33609,301.710999
2020-07-07,3000.120117,394.635315,306.302216
2020-07-08,3081.110107,408.397125,306.389374
2020-07-09,3182.629883,420.110138,315.319916
2020-07-10,3200,418.920898,315.988281
2020-07-13,3104,401.851013,312.782166
2020-07-14,3084,414.833282,317.702667
2020-07-15,3008.870117,408.846863,316.443542
2020-07-16,2999.899902,405.149078,316.027008
2020-07-17,2961.969971,407.817474,314.593445
2020-07-20,3196.840088,420.180084,316.25946
2020-07-21,3138.290039,412.89447,317.450806
2020-07-22,3099.909912,417.301819,317.993225
2020-07-23,2986.550049,404.949188,315.872009
2020-07-24,3008.909912,407.537628,315.552399
2020-07-27,3055.209961,416.612213,317.315216
2020-07-28,3000.330078,408.377136,317.286163
2020-07-29,3033.530029,418.371185,315.901093
2020-07-30,3051.879883,424.307648,315.299255
2020-07-31,3164.679932,424.337646,315.988434
2020-08-03,3111.889893,440.148254,319.667328
2020-08-04,3138.830078,448.843048,329.830444
2020-08-05,3205.030029,451.20166,330.005188
2020-08-06,3225,453.150513,333.247253
2020-08-07,3167.459961,447.713745,330.917633
2020-08-10,3148.159912,446.334564,330.034302
2020-08-11,3080.669922,433.742035,322.686188
2020-08-12,3162.23999,457.338013,326.889282
2020-08-13,3161.02002,457.447968,325.860321
2020-08-14,3148.02002,462.285095,326.42334
2020-08-17,3182.409912,493.186737,329.995483
2020-08-18,3312.48999,490.138489,330.762329
2020-08-19,3260.47998,485.251404,330.907928
2020-08-20,3297.370117,485.351379,330.878784
2020-08-21,3284.719971,507.038483,334.509155
2020-08-24,3307.459961,508.507568,334.043274
2020-08-25,3346.48999,509.696899,334.606232
2020-08-26,3441.850098,510.616364,334.179138
2020-08-27,3400,504.829773,336.207855
2020-08-28,3401.800049,525.597412,338.158966
2020-08-31,3450.959961,534.661987,337.469788
2020-09-01,3499.120117,552.676758,341.08075
2020-09-02,3531.449951,573.690491,348.341492
2020-09-03,3368,520.466248,338.091003
2020-09-04,3294.620117,504.750885,336.411743
2020-09-08,3149.840088,476.379242,328.927704
2020-09-09,3268.610107,508.449799,336.275818
2020-09-10,3175.110107,492.324554,329.578094
2020-09-11,3116.219971,486.436279,329.189819
2020-09-14,3102.969971,514.737976,332.868744
2020-09-15,3156.129883,519.486572,333.829712
2020-09-16,3078.100098,500.432159,333.654999
2020-09-17,3008.72998,498.392761,328.947174
2020-09-18,2954.909912,487.425995,326.112701
2020-09-21,2960.469971,500.542114,329.616913
2020-09-22,3128.98999,505.360718,334.353882
2020-09-23,2999.860107,484.806793,334.528595
2020-09-24,3019.790039,493.774139,336.829132
2020-09-25,3095.129883,514.797913,332.538666
2020-09-28,3174.050049,521.246033,339.372345
2020-09-29,3144.879883,528.873779,341.818481
2020-09-30,3148.72998,541.06012,344.594635
2020-10-01,3221.26001,544.419189,347.953217
2020-10-02,3125,522.335693,344.60437
2020-10-05,3199.199951,545.538818,348.069672
2020-10-06,3099.959961,549.297729,347.846466
2020-10-07,3195.689941,558.39502,352.379517
2020-10-08,3190.550049,553.386475,354.388855
2020-10-09,3286.649902,550.347412,358.630798
2020-10-12,3442.929932,568.871887,365.445038
2020-10-13,3443.629883,569.761658,369.521912
2020-10-14,3363.709961,563.643494,367.250488
2020-10-15,3338.649902,558.634949,365.542114
2020-10-16,3272.709961,552.296875,370.35672
2020-10-19,3207.209961,539.750488,364.552002
2020-10-20,3217.01001,545.658813,367.221375
2020-10-21,3184.939941,540.8302,366.745758
2020-10-22,3176.399902,534.282166,364.73642
2020-10-23,3204.399902,543.449463,363.620148
2020-10-26,3207.040039,525.494751,359.844147
2020-10-27,3286.330078,535.711731,361.795258
2020-10-28,3162.780029,504.930817,354.262695
2020-10-29,3211.01001,520.806152,354.846222
2020-10-30,3036.149902,501.211914,347.804932
2020-11-02,3004.47998,503.08139,354.38913
2020-11-03,3048.409912,520.626221,361.751373
2020-11-04,3241.159912,551.607056,365.845825
2020-11-05,3322,566.232727,374.657166
2020-11-06,3311.370117,582.307922,375.075378
2020-11-09,3143.73999,545.06897,354.982391
2020-11-10,3035.02002,510.649139,356.557922
2020-11-11,3137.389893,536.561462,362.685059
2020-11-12,3110.280029,538.111023,365.398438
2020-11-13,3128.810059,531.7229,368.442535
2020-11-16,3131.060059,540.450317,369.366486
2020-11-17,3135.659912,536.731445,371.438019
2020-11-18,3105.459961,536.991394,371.739532
2020-11-19,3117.02002,537.451233,373.01355
2020-11-20,3099.399902,523.355408,370.659973
2020-11-23,3098.389893,525.444763,371.233795
2020-11-24,3118.060059,518.156921,373.674896
2020-11-25,3185.070068,529.233643,377.108002
2020-11-27,3195.340088,530.293335,377.730438
2020-11-30,3168.040039,535.901672,381.01767
2020-12-01,3220.080078,535.441772,386.796265
2020-12-02,3203.530029,541.619995,382.744263
2020-12-03,3186.72998,535.840027,373.312866
2020-12-04,3162.580078,542.330017,372.694092
2020-12-07,3158,544.27002,372.594299
2020-12-08,3177.290039,534,376.855896
2020-12-09,3104.199951,517.22998,373.552429
2020-12-10,3101.48999,518.890015,372.055359
2020-12-11,3116.419922,520.530029,374.360809
2020-12-14,3156.969971,532.349976,373.642242
2020-12-15,3165.120117,534.419983,371.147156
2020-12-16,3240.959961,529.700012,368.711975
2020-12-17,3236.080078,533.650024,369.560303
2020-12-18,3201.649902,530.880005,366.276764
2020-12-21,3206.179932,533.289978,364.250763
2020-12-22,3206.52002,531.130005,361.316559
2020-12-23,3185.27002,520.369995,361.176849
2020-12-24,3172.689941,519.75,363.861542
2020-12-28,3283.959961,516,370.328766
2020-12-29,3322,517.72998,371.985504
2020-12-30,3285.850098,525.830017,373.712097
2020-12-31,3256.929932,522.200012,376.037506
2021-01-04,3186.629883,524.539978,379.400848
2021-01-05,3218.51001,536.190002,374.999542
2021-01-06,3138.379883,504.579987,369.290802
2021-01-07,3162.159912,533.76001,367.194977
2021-01-08,3182.699951,531.070007,369.210968
2021-01-11,3114.209961,544.859985,363.292664
2021-01-12,3120.830078,539.390015,363.4823
2021-01-13,3165.889893,541.27002,366.226868
2021-01-14,3127.469971,528.01001,361.635956
2021-01-15,3104.25,514.380005,361.44632
2021-01-19,3120.76001,521.01001,353.771454
2021-01-20,3263.379883,534.630005,360.587982
2021-01-21,3306.98999,554.700012,362.085022
2021-01-22,3292.22998,548.5,361.586029
2021-01-25,3294,546.130005,361.16687
2021-01-26,3326.129883,537.409973,364.260773
2021-01-27,3232.580078,516.710022,355.687683
2021-01-28,3237.620117,522.039978,356.356354
2021-01-29,3206.199951,519.590027,351.735474
2021-02-01,3342.879883,529.47998,349.829224
2021-02-02,3380,542.27002,354.879272
2021-02-03,3312.530029,541.219971,354.51001
2021-02-04,3331,546.570007,355.850006
2021-02-05,3352.149902,543.640015,355.170013
2021-02-08,3322.939941,577.549988,359.829987
2021-02-09,3305,570.530029,359.559998
2021-02-10,3286.580078,590.570007,356.119995
2021-02-11,3262.129883,610.030029,352.200012
2021-02-12,3277.709961,598.450012,352.75
2021-02-16,3268.949951,613.210022,354
2021-02-17,3308.639893,596.23999,358.040009
2021-02-18,3328.22998,593.159973,356.920013
2021-02-19,3249.899902,597.059998,354.769989
2021-02-22,3180.73999,574.22998,350.209991
2021-02-23,3194.5,565.679993,342.149994
2021-02-24,3159.530029,579.960022,340.700012
2021-02-25,3057.159912,532.299988,333.899994
2021-02-26,3092.929932,548.580017,331
2021-03-01,3146.139893,553.669983,331.769989
2021-03-02,3094.530029,536.25,328.459991
2021-03-03,3005,512.190002,323.920013
2021-03-04,2977.570068,494.809998,319.040009
2021-03-05,3000.459961,498.459991,317.320007
2021-03-08,2951.949951,463.730011,311.420013
2021-03-09,3062.850098,500.809998,318.779999
2021-03-10,3057.639893,498.730011,323.829987
2021-03-11,3113.590088,519.73999,328.649994
