Date,AMZN,AMD,COST
2018-03-12,1598.390015,11.52,179.446548
2018-03-13,1588.180054,11.64,177.636627
2018-03-14,1591,11.36,174.954971
2018-03-15,1582.319946,11.46,175.788834
2018-03-16,1571.680054,11.47,176.129974
2018-03-19,1544.930054,11.43,174.500076
2018-03-20,1586.51001,11.11,177.532394
2018-03-21,1581.859985,11.26,176.319489
2018-03-22,1544.920044,10.91,173.069229
2018-03-23,1495.560059,10.63,171.363525
2018-03-26,1555.859985,10.44,177.40921
2018-03-27,1497.050049,10,173.552505
2018-03-28,1431.420044,9.81,173.988419
2018-03-29,1447.339966,10.05,178.555817
2018-04-02,1371.98999,9.53,173.173447
2018-04-03,1392.050049,9.55,173.040802
2018-04-04,1410.569946,9.77,175.798325
2018-04-05,1451.75,10.02,176.490067
2018-04-06,1405.22998,9.61,174.320084
2018-04-09,1406.079956,9.53,174.74646
2018-04-10,1436.219971,9.98,173.931549
2018-04-11,1427.050049,9.82,174.973892
2018-04-12,1448.5,10.08,178.92543
2018-04-13,1430.790039,9.93,179.010666
2018-04-16,1441.5,10.09,184.383545
2018-04-17,1503.829956,10.52,185.729156
2018-04-18,1527.839966,10.36,186.212433
2018-04-19,1556.910034,10.11,184.847855
2018-04-20,1527.48999,9.99,183.416977
2018-04-23,1517.859985,10.04,183.218002
2018-04-24,1460.089966,10.09,182.422012
2018-04-25,1460.170044,9.71,183.805511
2018-04-26,1517.959961,11.04,185.027893
2018-04-27,1572.619995,11.11,186.278748
2018-04-30,1566.130005,10.88,186.828354
2018-05-01,1582.26001,11.13,186.250305
2018-05-02,1569.680054,10.97,183.833939
2018-05-03,1572.079956,10.93,182.895813
2018-05-04,1580.949951,11.28,184.961594
2018-05-07,1600.140015,11.59,182.943161
2018-05-08,1592.390015,11.61,184.288742
2018-05-09,1608,11.95,185.767014
2018-05-10,1609.079956,12.13,185.748032
2018-05-11,1602.910034,11.95,186.042648
2018-05-14,1601.540039,12.23,186.156708
2018-05-15,1576.119995,12.45,185.776566
2018-05-16,1587.280029,12.82,188.846222
2018-05-17,1581.76001,12.82,189.692047
2018-05-18,1574.369995,13,189.083817
2018-05-21,1585.459961,12.99,189.711044
2018-05-22,1581.400024,12.98,189.093292
2018-05-23,1601.859985,13.1,188.30452
2018-05-24,1603.069946,13.41,189.017273
2018-05-25,1610.150024,13.54,188.513596
2018-05-29,1612.869995,13.36,186.974014
2018-05-30,1624.890015,13.82,189.730042
2018-05-31,1629.619995,13.73,188.399536
2018-06-01,1641.540039,14.4,187.34465
2018-06-04,1665.27002,14.85,188.760696
2018-06-05,1696.349976,14.85,188.019379
2018-06-06,1695.75,15.67,187.848343
2018-06-07,1689.300049,14.89,192.514587
2018-06-08,1683.98999,15.25,193.645508
2018-06-11,1689.119995,15.73,194.348816
2018-06-12,1698.75,15.85,194.709915
2018-06-13,1704.859985,16.32,193.978149
2018-06-14,1723.859985,16.25,194.938019
2018-06-15,1715.969971,16.34,197.028824
2018-06-18,1723.790039,17.110001,195.973923
2018-06-19,1734.780029,16.690001,197.228394
2018-06-20,1750.079956,16.52,197.656021
2018-06-21,1730.219971,15.65,199.537796
2018-06-22,1715.670044,15.8,200.621216
2018-06-25,1663.150024,15.11,201.238922
2018-06-26,1691.089966,15.5,199.661316
2018-06-27,1660.51001,14.97,199.604309
2018-06-28,1701.449951,15.31,198.349854
2018-06-29,1699.800049,14.99,198.606415
2018-07-02,1713.780029,15.16,197.665573
2018-07-03,1693.959961,15,196.838745
2018-07-05,1699.72998,15.5,198.758484
2018-07-06,1710.630005,16.360001,199.214645
2018-07-09,1739.02002,16.610001,200.469116
2018-07-10,1743.069946,16.549999,201.191391
2018-07-11,1755,16.27,200.478638
2018-07-12,1796.619995,16.559999,203.396255
2018-07-13,1813.030029,16.27,205.791138
2018-07-16,1822.48999,16.58,204.185059
2018-07-17,1843.930054,16.870001,204.327576
2018-07-18,1842.920044,16.85,204.299072
2018-07-19,1812.969971,16.709999,206.741501
2018-07-20,1813.699951,16.5,207.834412
2018-07-23,1802,16.66,207.97699
2018-07-24,1829.23999,16.190001,207.729889
2018-07-25,1863.609985,16.049999,209.744614
2018-07-26,1808,18.35,210.71402
2018-07-27,1817.27002,18.940001,208.74675
2018-07-30,1779.219971,19.42,208.233597
2018-07-31,1777.439941,18.33,207.853455
2018-08-01,1797.170044,18.48,206.351868
2018-08-02,1834.329956,18.790001,210.143814
2018-08-03,1823.290039,18.49,211.008636
2018-08-06,1847.75,19.43,211.664352
2018-08-07,1862.47998,19.559999,212.747803
2018-08-08,1886.52002,19.58,213.432037
2018-08-09,1898.52002,19.1,207.406784
2018-08-10,1886.300049,19.059999,209.374023
2018-08-13,1896.199951,19.73,208.66124
2018-08-14,1919.650024,20.02,210.980118
2018-08-15,1882.619995,19.700001,210.666489
2018-08-16,1886.52002,19.33,212.111053
2018-08-17,1882.219971,19.77,214.477463
2018-08-20,1876.709961,19.98,216.06456
2018-08-21,1883.420044,20.4,217.195496
2018-08-22,1904.900024,20.9,217.832199
2018-08-23,1902.900024,22.290001,218.117325
2018-08-24,1905.390015,23.98,219.799484
2018-08-27,1927.680054,25.26,218.611511
2018-08-28,1932.819946,25.049999,218.830093
2018-08-29,1998.099976,25.200001,218.763611
2018-08-30,2002.380005,24.889999,219.916351
2018-08-31,2012.709961,25.17,222.10762
2018-09-04,2039.51001,28.059999,223.584335
2018-09-05,1994.819946,28.51,224.470367
2018-09-06,1958.310059,27.84,225.489777
2018-09-07,1952.069946,27.379999,230.043793
2018-09-10,1939.01001,29.889999,231.682465
2018-09-11,1987.150024,30.1,232.663788
2018-09-12,1990,32.209999,230.977432
2018-09-13,1989.869995,30.48,229.862747
2018-09-14,1970.189941,32.720001,224.251221
2018-09-17,1908.030029,32.43,221.031052
2018-09-18,1941.050049,31.93,223.269943
2018-09-19,1926.420044,31.209999,222.793579
2018-09-20,1944.300049,31.18,222.860275
2018-09-21,1915.01001,31.02,223.660538
2018-09-24,1934.359985,32.610001,222.307663
2018-09-25,1974.550049,32.57,221.917084
2018-09-26,1974.849976,32.189999,222.755447
2018-09-27,2012.97998,32.59,222.936493
2018-09-28,2003,30.889999,223.774902
2018-10-01,2004.359985,31.42,223.555725
2018-10-02,1971.310059,29.02,225.175385
2018-10-03,1952.76001,28.43,222.174286
2018-10-04,1909.420044,27.780001,220.726166
2018-10-05,1889.650024,27.35,208.474213
2018-10-08,1864.420044,26.459999,213.342621
2018-10-09,1870.319946,27.24,213.571228
2018-10-10,1755.25,25,210.598755
2018-10-11,1719.359985,25.299999,211.332367
2018-10-12,1788.609985,26.34,216.219818
2018-10-15,1760.949951,26.26,213.895157
2018-10-16,1819.959961,28.18,216.915314
2018-10-17,1831.72998,27.299999,217.687027
2018-10-18,1770.719971,26.620001,217.772751
2018-10-19,1764.030029,23.66,218.811188
2018-10-22,1789.300049,25.030001,218.230042
2018-10-23,1768.699951,25.09,217.934708
2018-10-24,1664.199951,22.790001,213.180634
2018-10-25,1782.170044,19.27,215.695816
2018-10-26,1642.810059,17.629999,207.873993
2018-10-29,1538.880005,16.85,211.903992
2018-10-30,1530.420044,17.200001,217.143951
2018-10-31,1598.01001,18.209999,217.820404
2018-11-01,1665.530029,20.219999,218.744522
2018-11-02,1665.530029,20.23,219.278061
2018-11-05,1627.800049,19.9,223.365204
2018-11-06,1642.810059,20.68,225.518341
2018-11-07,1755.48999,21.84,229.00531
2018-11-08,1754.910034,21.200001,227.954849
2018-11-09,1712.430054,21.030001,227.038055
2018-11-12,1636.849976,19.030001,223.924789
2018-11-13,1631.170044,19.610001,223.600098
2018-11-14,1599.01001,20.809999,222.80748
2018-11-15,1619.439941,21.49,219.589172
2018-11-16,1593.410034,20.66,220.62056
2018-11-19,1512.290039,19.110001,218.443192
2018-11-20,1495.459961,19.209999,209.437668
2018-11-21,1516.72998,18.73,208.730988
2018-11-23,1502.060059,19.379999,210.1539
2018-11-26,1581.329956,20.08,209.571381
2018-11-27,1581.420044,21.049999,212.971146
2018-11-28,1677.75,21.34,219.971146
2018-11-29,1673.569946,21.43,220.60144
2018-11-30,1690.170044,21.299999,220.868851
2018-12-03,1772.359985,23.709999,221.632843
2018-12-04,1668.400024,21.120001,216.160782
2018-12-06,1699.189941,21.299999,222.702423
2018-12-07,1629.130005,19.459999,214.737839
2018-12-10,1641.030029,19.99,212.636871
2018-12-11,1643.23999,19.98,216.304031
2018-12-12,1663.540039,20.48,217.545517
2018-12-13,1658.380005,19.860001,216.313568
2018-12-14,1591.910034,19.9,197.73912
2018-12-17,1520.910034,18.83,193.126556
2018-12-18,1551.47998,19.5,193.852356
2018-12-19,1495.079956,18.16,192.343475
2018-12-20,1460.829956,17.940001,188.256119
2018-12-21,1377.449951,16.93,185.763611
2018-12-24,1343.959961,16.65,181.437531
2018-12-26,1470.900024,17.9,189.688599
2018-12-27,1461.640015,17.49,192.028336
2018-12-28,1478.02002,17.82,192.945099
2018-12-31,1501.969971,18.459999,194.539932
2019-01-02,1539.130005,18.83,195.542664
2019-01-03,1500.280029,17.049999,191.398041
2019-01-04,1575.390015,19,196.956039
2019-01-07,1629.51001,20.57,197.681808
2019-01-08,1656.579956,20.75,199.162079
2019-01-09,1659.420044,20.190001,200.451279
2019-01-10,1656.219971,19.74,201.157959
2019-01-11,1640.560059,20.27,201.033813
2019-01-14,1617.209961,20.23,199.591812
2019-01-15,1674.560059,20.379999,201.530411
2019-01-16,1683.780029,19.73,200.718689
2019-01-17,1693.219971,20.25,201.94104
2019-01-18,1696.199951,20.77,203.975159
2019-01-22,1632.170044,19.76,202.83873
2019-01-23,1640.02002,19.799999,202.542694
2019-01-24,1654.930054,20.85,200.842819
2019-01-25,1670.569946,21.93,199.65863
2019-01-28,1637.890015,20.18,201.282104
2019-01-29,1593.880005,19.25,200.842819
2019-01-30,1670.430054,23.09,201.835983
2019-01-31,1718.72998,24.41,204.968353
2019-02-01,1626.22998,24.51,200.804642
2019-02-04,1633.310059,24.129999,201.67363
2019-02-05,1658.810059,23.309999,202.084305
2019-02-06,1640.26001,23.26,202.074753
2019-02-07,1614.369995,22.67,200.178787
2019-02-08,1588.219971,23.049999,198.933929
2019-02-11,1591,22.959999,199.862778
2019-02-12,1638.01001,22.82,202.907822
2019-02-13,1640,22.85,203.769653
2019-02-14,1622.650024,23.129999,204.765503
2019-02-15,1607.949951,23.68,207.283905
2019-02-19,1627.579956,23.950001,208.863876
2019-02-20,1622.099976,23.950001,207.896744
2019-02-21,1619.439941,23.92,206.096527
2019-02-22,1631.560059,24.360001,207.111557
2019-02-25,1633,24.709999,207.83931
2019-02-26,1636.400024,24.209999,208.375519
2019-02-27,1641.089966,23.48,208.79686
2019-02-28,1639.829956,23.530001,209.457581
2019-03-01,1671.72998,23.68,210.127884
2019-03-04,1696.170044,23.370001,209.141602
2019-03-05,1692.430054,23.5,210.491745
2019-03-06,1668.949951,22.41,209.926788
2019-03-07,1625.949951,22.08,207.590317
2019-03-08,1620.800049,22.01,218.152252
2019-03-11,1670.619995,22.959999,219.942917
2019-03-12,1673.099976,23.49,223.074158
2019-03-13,1690.810059,23.379999,226.349014
2019-03-14,1686.219971,22.82,223.916779
2019-03-15,1712.359985,23.290001,223.686981
2019-03-18,1742.150024,23.25,226.55011
2019-03-19,1761.849976,26,226.990585
2019-03-20,1797.27002,25.700001,226.923523
2019-03-21,1819.26001,27.889999,229.374893
2019-03-22,1764.77002,26.370001,227.478943
2019-03-25,1774.26001,25.969999,226.913956
2019-03-26,1783.76001,25.690001,228.924866
2019-03-27,1765.699951,24.889999,229.250412
2019-03-28,1773.420044,25.059999,230.983627
2019-03-29,1780.75,25.52,231.864563
2019-04-01,1814.189941,26.360001,233.827591
2019-04-02,1813.97998,26.75,230.294174
2019-04-03,1820.699951,29.02,232.19014
2019-04-04,1818.859985,29.09,234.028641
2019-04-05,1837.280029,28.98,235.436279
2019-04-08,1849.859985,28.530001,236.058701
2019-04-09,1835.839966,27.24,234.517029
2019-04-10,1847.329956,27.83,235.187332
2019-04-11,1844.069946,27.790001,231.002747
2019-04-12,1843.060059,27.85,231.682648
2019-04-15,1844.869995,27.33,235.876785
2019-04-16,1863.040039,27.93,234.928772
2019-04-17,1864.819946,27.49,235.13942
2019-04-18,1861.689941,27.68,235.378845
2019-04-22,1887.310059,28.18,233.09024
2019-04-23,1923.77002,27.969999,235.158615
2019-04-24,1901.75,28.459999,237.437607
2019-04-25,1902.25,27.66,235.17775
2019-04-26,1950.630005,27.879999,233.473297
2019-04-29,1938.430054,27.690001,233.913773
2019-04-30,1926.52002,27.629999,235.110718
2019-05-01,1911.52002,26.809999,231.337921
2019-05-02,1900.819946,28.290001,232.39122
2019-05-03,1962.459961,28.219999,234.239334
2019-05-06,1950.550049,27.42,233.865875
2019-05-07,1921,26.66,229.987732
2019-05-08,1917.77002,27.09,231.098526
2019-05-09,1899.869995,27.209999,233.767746
2019-05-10,1889.97998,27.959999,237.176254
2019-05-13,1822.680054,26.24,232.279495
2019-05-14,1840.119995,27.32,233.05722
2019-05-15,1871.150024,27.58,234.919922
2019-05-16,1907.569946,28.01,237.579529
2019-05-17,1869,27.5,238.453293
2019-05-20,1858.969971,26.68,238.981339
2019-05-21,1857.52002,27.35,239.970306
2019-05-22,1859.680054,27.41,239.567032
2019-05-23,1815.47998,26.360001,238.626099
2019-05-24,1823.280029,26.440001,237.445129
2019-05-28,1836.430054,29.049999,236.494568
2019-05-29,1819.189941,28.09,231.098541
2019-05-30,1816.319946,28.030001,231.914642
2019-05-31,1775.069946,27.41,230.032776
2019-06-03,1692.689941,27.58,231.463379
2019-06-04,1729.560059,29.57,235.822495
2019-06-05,1738.5,29.5,238.078812
2019-06-06,1754.359985,31.82,241.19931
2019-06-07,1804.030029,32.41,245.808029
2019-06-10,1860.630005,33.23,246.614532
2019-06-11,1863.699951,32.41,246.864166
2019-06-12,1855.319946,32.18,246.979416
2019-06-13,1870.300049,31.389999,249.36058
2019-06-14,1869.670044,30.360001,249.783035
2019-06-17,1886.030029,29.200001,251.012054
2019-06-18,1901.369995,30.450001,252.269806
2019-06-19,1908.790039,30.5,253.153183
2019-06-20,1918.189941,30.01,256.696136
2019-06-21,1911.300049,29.1,255.524734
2019-06-24,1913.900024,29.26,256.139221
2019-06-25,1878.27002,28.860001,255.745575
2019-06-26,1897.829956,29.92,253.873291
2019-06-27,1904.280029,30.74,254.996689
2019-06-28,1893.630005,30.370001,253.729279
2019-07-01,1922.189941,31.200001,253.047546
2019-07-02,1934.310059,31.24,254.891037
2019-07-03,1939,31.190001,258.414795
2019-07-05,1942.910034,31.5,257.560211
2019-07-08,1952.319946,32.040001,258.664368
2019-07-09,1988.300049,33.150002,259.211731
2019-07-10,2017.410034,33.790001,260.603973
2019-07-11,2001.069946,33.060001,265.519897
2019-07-12,2011,33.209999,268.304382
2019-07-15,2020.98999,34.389999,269.398895
2019-07-16,2009.900024,33.849998,269.466095
2019-07-17,1992.030029,33.599998,270.339874
2019-07-18,1977.900024,33,271.636078
2019-07-19,1964.52002,32.509998,270.29184
2019-07-22,1985.630005,32.849998,269.005249
2019-07-23,1994.48999,33.490002,268.938049
2019-07-24,2000.810059,34.110001,269.638947
2019-07-25,1973.819946,33.669998,268.649963
2019-07-26,1943.050049,34.02,270.15741
2019-07-29,1912.449951,33.48,268.966858
2019-07-30,1898.530029,33.869999,268.361938
2019-07-31,1866.780029,30.450001,264.64621
2019-08-01,1855.319946,29.860001,263.628418
2019-08-02,1823.23999,29.440001,261.64093
2019-08-05,1765.130005,27.99,254.535812
2019-08-06,1787.829956,28.860001,258.578003
2019-08-07,1793.400024,29.190001,263.369171
2019-08-08,1832.890015,33.919998,263.849243
2019-08-09,1807.579956,34.189999,263.023529
2019-08-12,1784.920044,32.43,260.498322
2019-08-13,1824.339966,32.110001,265.251038
2019-08-14,1762.959961,30.24,257.464233
2019-08-15,1776.119995,29.67,260.699951
2019-08-16,1792.569946,31.18,263.177155
2019-08-19,1816.119995,31.48,264.626984
2019-08-20,1801.380005,30.719999,262.092163
2019-08-21,1823.540039,31.700001,264.694153
2019-08-22,1804.660034,31.9,268.765228
2019-08-23,1749.619995,29.540001,263.090729
2019-08-26,1768.869995,30.280001,267.363373
2019-08-27,1761.829956,30.200001,280.728699
2019-08-28,1764.25,30.780001,282.754547
2019-08-29,1786.400024,31.450001,285.381592
2019-08-30,1776.290039,31.450001,283.639923
2019-09-03,1789.839966,30.9,281.032104
2019-09-04,1800.619995,30.950001,284.948578
2019-09-05,1840.719971,31.5,285.76651
2019-09-06,1833.51001,30.559999,292.300323
2019-09-09,1831.349976,30.5,287.71994
2019-09-10,1820.550049,30.23,285.79538
2019-09-11,1822.98999,29.76,279.72345
2019-09-12,1843.550049,30.209999,278.953644
2019-09-13,1839.339966,30.690001,280.887787
2019-09-16,1807.839966,30.83,277.798859
2019-09-17,1822.550049,30.99,280.41629
2019-09-18,1817.459961,30.42,281.397766
2019-09-19,1821.5,30.290001,276.971344
2019-09-20,1794.160034,30.049999,275.556793
2019-09-23,1785.300049,30.639999,276.721161
2019-09-24,1741.609985,29.52,277.048309
2019-09-25,1768.329956,29.540001,277.625671
2019-09-26,1739.839966,29.469999,277.385162
2019-09-27,1725.449951,28.719999,275.162262
2019-09-30,1735.910034,28.99,277.240753
2019-10-01,1735.650024,28.76,273.218475
2019-10-02,1713.22998,28.309999,274.353973
2019-10-03,1724.420044,28.68,278.097229
2019-10-04,1739.650024,29.01,280.666473
2019-10-07,1732.660034,28.93,282.340851
2019-10-08,1705.51001,28.23,280.878174
2019-10-09,1721.98999,28.459999,285.699158
2019-10-10,1720.26001,28.379999,285.930115
2019-10-11,1731.920044,29.75,286.372742
2019-10-14,1736.430054,30.530001,286.295776
2019-10-15,1767.380005,30.719999,287.132996
2019-10-16,1777.430054,30.809999,287.508209
2019-10-17,1787.47998,31.139999,290.991608
2019-10-18,1757.51001,30.969999,291.434265
2019-10-21,1785.660034,32.029999,289.721436
2019-10-22,1765.72998,31.51,288.653351
2019-10-23,1762.170044,31.360001,286.103302
2019-10-24,1780.780029,31.719999,285.843506
2019-10-25,1761.329956,32.709999,285.31424
2019-10-28,1777.079956,33.689999,287.66217
2019-10-29,1762.709961,33.029999,284.698364
2019-10-30,1779.98999,33.130001,288.528259
2019-10-31,1776.660034,33.93,286.522339
2019-11-01,1791.439941,34.889999,285.538696
2019-11-04,1804.660034,36.290001,286.242706
2019-11-05,1801.709961,36.150002,288.518585
2019-11-06,1795.77002,35.93,290.823425
2019-11-07,1788.199951,36.279999,294.33374
2019-11-08,1785.880005,36.290001,291.835999
2019-11-11,1771.650024,36.310001,290.119446
2019-11-12,1778,36.709999,289.791534
2019-11-13,1753.109985,37.52,292.106049
2019-11-14,1754.599976,38.349998,293.735809
2019-11-15,1739.48999,38.560001,292.838959
2019-11-18,1752.530029,39.880001,293.687592
2019-11-19,1752.790039,41.290001,291.469513
2019-11-20,1745.530029,40.98,289.85907
2019-11-21,1734.709961,39.52,289.569794
2019-11-22,1745.719971,39.150002,288.643982
2019-11-25,1773.839966,39.790001,288.393219
2019-11-26,1796.939941,38.990002,290.505219
2019-11-27,1818.51001,39.41,290.042297
2019-11-29,1800.800049,39.150002,289.12616
2019-12-02,1781.599976,38.73,286.792419
2019-12-03,1769.959961,38.900002,285.133698
2019-12-04,1760.689941,39.689999,285.953369
2019-12-05,1740.47998,39.619999,282.655273
2019-12-06,1751.599976,39.630001,284.439392
2019-12-09,1749.51001,38.93,284.641876
2019-12-10,1739.209961,39.439999,285.239746
2019-12-11,1748.719971,39.470001,284.776855
2019-12-12,1760.329956,42.59,286.744202
2019-12-13,1760.939941,41.150002,281.469086
2019-12-16,1769.209961,42.349998,283.041016
2019-12-17,1790.660034,42.77,285.017944
2019-12-18,1784.030029,42.299999,281.469086
2019-12-19,1792.280029,42.830002,283.2435
2019-12-20,1786.5,44.150002,284.323608
2019-12-23,1793,45.459999,282.857788
2019-12-24,1789.209961,46.540001,283.744995
2019-12-26,1868.77002,46.630001,285.191559
2019-12-27,1869.800049,46.18,283.629242
2019-12-30,1846.890015,45.52,284.622589
2019-12-31,1847.839966,45.860001,283.446075
2020-01-02,1898.01001,49.099998,281.102661
2020-01-03,1874.969971,48.599998,281.334106
2020-01-06,1902.880005,48.389999,281.411194
2020-01-07,1906.859985,48.25,280.967651
2020-01-08,1891.969971,47.830002,284.188629
2020-01-09,1901.050049,48.970001,288.750092
2020-01-10,1883.160034,48.169998,286.647736
2020-01-13,1891.300049,48.75,289.184052
2020-01-14,1869.439941,48.209999,289.068268
2020-01-15,1862.02002,48.549999,290.100159
2020-01-16,1877.939941,49.77,292.231415
2020-01-17,1864.719971,50.93,293.822601
2020-01-21,1892,51.049999,302.096863
2020-01-22,1887.459961,51.43,300.775726
2020-01-23,1884.579956,51.709999,301.730408
2020-01-24,1861.640015,50.349998,299.444855
2020-01-27,1828.339966,49.259998,298.422607
2020-01-28,1853.25,50.529999,299.772766
2020-01-29,1858,47.509998,298.547974
2020-01-30,1870.680054,48.779999,298.441925
2020-01-31,2008.719971,47,294.63266
2020-02-03,2004.199951,48.02,291.238129
2020-02-04,2049.669922,49.450001,294.03476
2020-02-05,2039.869995,49.84,297.94046
2020-02-06,2050.22998,49.32,300.172821
2020-02-07,2079.280029,49.73,303.091339
2020-02-10,2133.909912,52.259998,303.246002
2020-02-11,2150.800049,53.799999,300.240479
2020-02-12,2160,53.889999,304.531311
2020-02-13,2149.870117,54.529999,307.507782
2020-02-14,2134.870117,55.310001,307.614105
2020-02-18,2155.669922,56.889999,311.228394
2020-02-19,2170.219971,58.900002,312.165802
2020-02-20,2153.100098,57.27,313.190216
2020-02-21,2095.969971,53.279999,311.131805
2020-02-24,2009.290039,49.119999,303.081665
2020-02-25,1972.73999,47.57,294.625702
2020-02-26,1979.589966,47.490002,295.418182
2020-02-27,1884.300049,44.009998,283.280212
2020-02-28,1883.75,45.48,271.693085
2020-03-02,1953.949951,47.459999,298.752258
2020-03-03,1908.98999,46.75,292.557648
2020-03-04,1975.829956,50.110001,309.962433
2020-03-05,1924.030029,48.110001,305.14978
2020-03-06,1901.089966,48.59,300.878265
2020-03-09,1800.609985,43.27,291.832855
2020-03-10,1891.819946,45.380001,299.003479
2020-03-11,1820.859985,45.700001,287.435699
2020-03-12,1676.609985,39.009998,270.446442
2020-03-13,1785,43.900002,292.113068
2020-03-16,1689.150024,38.709999,273.66452
2020-03-17,1807.839966,41.880001,296.6745
2020-03-18,1830,39.119999,297.167358
2020-03-19,1880.930054,39.82,294.963959
2020-03-20,1846.089966,39.610001,280.661255
2020-03-23,1902.829956,41.639999,275.935577
2020-03-24,1940.099976,46.220001,275.365417
2020-03-25,1885.839966,44.630001,271.422455
2020-03-26,1955.48999,47.5,282.478088
2020-03-27,1900.099976,46.580002,274.775879
2020-03-30,1963.949951,47.860001,281.337708
2020-03-31,1949.719971,45.48,275.549011
2020-04-01,1907.699951,43.66,277.143555
2020-04-02,1918.829956,44.490002,281.685669
2020-04-03,1906.589966,42.59,278.950714
2020-04-06,1997.589966,47.52,294.86731
2020-04-07,2011.599976,47.560001,293.427368
2020-04-08,2043,48.790001,295.688782
2020-04-09,2042.76001,48.380001,289.928986
2020-04-13,2168.870117,50.939999,289.552124
2020-04-14,2283.320068,54.93,303.584229
2020-04-15,2307.679932,54.990002,299.844208
2020-04-16,2408.189941,56.950001,310.754883
2020-04-17,2375,56.599998,307.237213
2020-04-20,2393.610107,56.970001,301.593445
2020-04-21,2328.120117,52.919998,291.204681
2020-04-22,2363.48999,55.919998,299.022858
2020-04-23,2399.449951,55.900002,295.137909
2020-04-24,2410.219971,56.18,300.114838
2020-04-27,2376,56.490002,298.404297
2020-04-28,2314.080078,55.509998,294.703033
2020-04-29,2372.709961,53.66,296.771149
2020-04-30,2474,52.389999,293.487549
2020-05-01,2286.040039,49.880001,292.441467
2020-05-04,2315.98999,52.560001,294.930756
2020-05-05,2317.800049,52.189999,298.253082
2020-05-06,2351.26001,52.16,299.192627
2020-05-07,2367.610107,51.950001,295.424774
2020-05-08,2379.610107,53.189999,296.335266
2020-05-11,2409,55.740002,300.587372
2020-05-12,2356.949951,53.759998,295.269775
2020-05-13,2367.919922,52.18,292.654572
2020-05-14,2388.850098,54.509998,290.329865
2020-05-15,2409.780029,54.200001,289.816498
2020-05-18,2426.26001,54.59,293.255096
2020-05-19,2449.330078,55.470001,295.066376
2020-05-20,2497.939941,56.389999,295.337585
2020-05-21,2446.73999,54.650002,292.489838
2020-05-22,2436.879883,55.169998,292.935425
2020-05-26,2421.860107,53.189999,295.231018
2020-05-27,2410.389893,52.740002,296.403046
2020-05-28,2401.100098,51.740002,299.841583
2020-05-29,2442.370117,53.799999,298.785828
2020-06-01,2471.040039,53.630001,298.61145
2020-06-02,2472.409912,53.540001,297.449158
2020-06-03,2478.399902,52.73,297.013306
2020-06-04,2460.600098,52.630001,300.994232
2020-06-05,2483,53.099998,302.243713
2020-06-08,2524.060059,52.970001,297.54599
2020-06-09,2600.860107,56.389999,295.957458
2020-06-10,2647.449951,57.439999,297.68158
2020-06-11,2557.959961,52.830002,291.385651
2020-06-12,2545.02002,53.5,289.32254
2020-06-15,2572.679932,54.68,287.85025
2020-06-16,2615.27002,54.459999,291.899017
2020-06-17,2640.97998,54.549999,290.203949
2020-06-18,2653.97998,54.040001,290.165222
2020-06-19,2675.01001,54.23,290.484833
2020-06-22,2713.820068,54.759998,291.017609
2020-06-23,2764.409912,53.990002,291.831238
2020-06-24,2734.399902,52.389999,288.663879
2020-06-25,2754.580078,51.93,291.095093
2020-06-26,2692.870117,50.099998,287.249695
2020-06-29,2680.379883,50.279999,292.121765
2020-06-30,2758.820068,52.610001,293.690918
2020-07-01,2878.699951,52.580002,295.182587
2020-07-02,2890.300049,52.34,296.141479
2020-07-06,3057.040039,53.400002,301.710999
2020-07-07,3000.120117,52.93,306.302216
2020-07-08,3081.110107,53.43,306.389374
2020-07-09,3182.629883,57.259998,315.319916
2020-07-10,3200,55.880001,315.988281
2020-07-13,3104,53.59,312.782166
2020-07-14,3084,54.720001,317.702667
2020-07-15,3008.870117,55.34,316.443542
2020-07-16,2999.899902,54.919998,316.027008
2020-07-17,2961.969971,55.040001,314.593445
2020-07-20,3196.840088,57.459999,316.25946
2020-07-21,3138.290039,57,317.450806
2020-07-22,3099.909912,61.790001,317.993225
2020-07-23,2986.550049,59.57,315.872009
2020-07-24,3008.909912,69.400002,315.552399
2020-07-27,3055.209961,68.970001,317.315216
2020-07-28,3000.330078,67.610001,317.286163
2020-07-29,3033.530029,76.089996,315.901093
2020-07-30,3051.879883,78.199997,315.299255
2020-07-31,3164.679932,77.43,315.988434
2020-08-03,3111.889893,77.669998,319.667328
2020-08-04,3138.830078,85.040001,329.830444
2020-08-05,3205.030029,85.309998,330.005188
2020-08-06,3225,86.709999,333.247253
2020-08-07,3167.459961,84.849998,330.917633
2020-08-10,3148.159912,82.239998,330.034302
2020-08-11,3080.669922,76.879997,322.686188
2020-08-12,3162.23999,82.610001,326.889282
2020-08-13,3161.02002,81.839996,325.860321
2020-08-14,3148.02002,81.300003,326.42334
2020-08-17,3182.409912,82.419998,329.995483
2020-08-18,3312.48999,81.660004,330.762329
2020-08-19,3260.47998,81.089996,330.907928
2020-08-20,3297.370117,82.769997,330.878784
2020-08-21,3284.719971,83.809998,334.509155
2020-08-24,3307.459961,83.080002,334.043274
2020-08-25,3346.48999,86.349998,334.606232
2020-08-26,3441.850098,86.019997,334.179138
2020-08-27,3400,83.800003,336.207855
2020-08-28,3401.800049,85.550003,338.158966
2020-08-31,3450.959961,90.82,337.469788
2020-09-01,3499.120117,92.18,341.08075
2020-09-02,3531.449951,90.220001,348.341492
2020-09-03,3368,82.540001,338.091003
2020-09-04,3294.620117,82.010002,336.411743
2020-09-08,3149.840088,78.690002,328.927704
2020-09-09,3268.610107,81.910004,336.275818
2020-09-10,3175.110107,78.980003,329.578094
2020-09-11,3116.219971,76.339996,329.189819
2020-09-14,3102.969971,77.900002,332.868744
2020-09-15,3156.129883,78.93,333.829712
2020-09-16,3078.100098,76.660004,333.654999
2020-09-17,3008.72998,76.550003,328.947174
2020-09-18,2954.909912,74.93,326.112701
2020-09-21,2960.469971,77.940002,329.616913
2020-09-22,3128.98999,77.699997,334.353882
2020-09-23,2999.860107,74.730003,334.528595
2020-09-24,3019.790039,75.82,336.829132
2020-09-25,3095.129883,78.059998,332.538666
2020-09-28,3174.050049,79.480003,339.372345
2020-09-29,3144.879883,81.769997,341.818481
2020-09-30,3148.72998,81.989998,344.594635
2020-10-01,3221.26001,84.860001,347.953217
2020-10-02,3125,81.800003,344.60437
2020-10-05,3199.199951,86.150002,348.069672
2020-10-06,3099.959961,84.480003,347.846466
2020-10-07,3195.689941,86.690002,352.379517
2020-10-08,3190.550049,86.510002,354.388855
2020-10-09,3286.649902,83.099998,358.630798
2020-10-12,3442.929932,84.290001,365.445038
2020-10-13,3443.629883,85.279999,369.521912
2020-10-14,3363.709961,84.209999,367.250488
2020-10-15,3338.649902,83.129997,365.542114
2020-10-16,3272.709961,83.169998,370.35672
2020-10-19,3207.209961,82,364.552002
2020-10-20,3217.01001,81.559998,367.221375
2020-10-21,3184.939941,79.199997,366.745758
2020-10-22,3176.399902,79.419998,364.73642
2020-10-23,3204.399902,81.959999,363.620148
2020-10-26,3207.040039,82.230003,359.844147
2020-10-27,3286.330078,78.879997,361.795258
2020-10-28,3162.780029,76.400002,354.262695
2020-10-29,3211.01001,78.019997,354.846222
2020-10-30,3036.149902,75.290001,347.804932
2020-11-02,3004.47998,74.699997,354.38913
2020-11-03,3048.409912,76.580002,361.751373
2020-11-04,3241.159912,81.349998,365.845825
2020-11-05,3322,83,374.657166
2020-11-06,3311.370117,85.879997,375.075378
2020-11-09,3143.73999,83.120003,354.982391
2020-11-10,3035.02002,77.989998,356.557922
2020-11-11,3137.389893,81.279999,362.685059
2020-11-12,3110.280029,81.839996,365.398438
2020-11-13,3128.810059,81.43,368.442535
2020-11-16,3131.060059,83.730003,369.366486
2020-11-17,3135.659912,83.360001,371.438019
2020-11-18,3105.459961,82.540001,371.739532
2020-11-19,3117.02002,85.540001,373.01355
2020-11-20,3099.399902,84.639999,370.659973
2020-11-23,3098.389893,85.309998,371.233795
2020-11-24,3118.060059,85.07,373.674896
2020-11-25,3185.070068,86.709999,377.108002
2020-11-27,3195.340088,87.190002,377.730438
2020-11-30,3168.040039,92.660004,381.01767
2020-12-01,3220.080078,92.629997,386.796265
2020-12-02,3203.530029,93.739998,382.744263
2020-12-03,3186.72998,92.309998,373.312866
2020-12-04,3162.580078,94.040001,372.694092
2020-12-07,3158,94.07,372.594299
2020-12-08,3177.290039,92.919998,376.855896
2020-12-09,3104.199951,89.830002,373.552429
2020-12-10,3101.48999,91.660004,372.055359
2020-12-11,3116.419922,91.650002,374.360809
2020-12-14,3156.969971,94.779999,373.642242
2020-12-15,3165.120117,97.120003,371.147156
2020-12-16,3240.959961,96.849998,368.711975
2020-12-17,3236.080078,96.839996,369.560303
2020-12-18,3201.649902,95.919998,366.276764
2020-12-21,3206.179932,93.230003,364.250763
2020-12-22,3206.52002,93.160004,361.316559
2020-12-23,3185.27002,91.550003,361.176849
2020-12-24,3172.689941,91.809998,363.861542
2020-12-28,3283.959961,91.599998,370.328766
2020-12-29,3322,90.620003,371.985504
2020-12-30,3285.850098,92.290001,373.712097
2020-12-31,3256.929932,91.709999,376.037506
2021-01-04,3186.629883,92.300003,379.400848
2021-01-05,3218.51001,92.769997,374.999542
2021-01-06,3138.379883,90.330002,369.290802
2021-01-07,3162.159912,95.160004,367.194977
2021-01-08,3182.699951,94.580002,369.210968
2021-01-11,3114.209961,97.25,363.292664
2021-01-12,3120.830078,95.360001,363.4823
2021-01-13,3165.889893,91.779999,366.226868
2021-01-14,3127.469971,90.790001,361.635956
2021-01-15,3104.25,88.209999,361.44632
2021-01-19,3120.76001,89.449997,353.771454
2021-01-20,3263.379883,88.75,360.587982
2021-01-21,3306.98999,91.529999,362.085022
2021-01-22,3292.22998,92.790001,361.586029
2021-01-25,3294,94.129997,361.16687
2021-01-26,3326.129883,94.709999,364.260773
2021-01-27,3232.580078,88.839996,355.687683
2021-01-28,3237.620117,87.519997,356.356354
2021-01-29,3206.199951,85.639999,351.735474
2021-02-01,3342.879883,87.660004,349.829224
2021-02-02,3380,88.860001,354.879272
2021-02-03,3312.530029,87.889999,354.51001
2021-02-04,3331,87.839996,355.850006
2021-02-05,3352.149902,87.900002,355.170013
2021-02-08,3322.939941,91.470001,359.829987
2021-02-09,3305,90.910004,359.559998
2021-02-10,3286.580078,92.349998,356.119995
2021-02-11,3262.129883,92.660004,352.200012
2021-02-12,3277.709961,93.769997,352.75
2021-02-16,3268.949951,91.459999,354
2021-02-17,3308.639893,89.940002,358.040009
2021-02-18,3328.22998,88.639999,356.920013
2021-02-19,3249.899902,89.580002,354.769989
2021-02-22,3180.73999,85.370003,350.209991
2021-02-23,3194.5,84.739998,342.149994
2021-02-24,3159.530029,86.940002,340.700012
2021-02-25,3057.159912,82.419998,333.899994
2021-02-26,3092.929932,84.510002,331
2021-03-01,3146.139893,86.389999,331.769989
2021-03-02,3094.530029,84.129997,328.459991
2021-03-03,3005,80.860001,323.920013
2021-03-04,2977.570068,77.75,319.040009
2021-03-05,3000.459961,78.519997,317.320007
2021-03-08,2951.949951,73.959999,311.420013
2021-03-09,3062.850098,78.529999,318.779999
2021-03-10,3057.639893,77.519997,323.829987
2021-03-11,3113.590088,81.230003,328.649994
