Date,2330.TW,2454.TW,2886.TW
2018-03-12,227.241425,291.9646,20.366718
2018-03-13,231.714661,293.806671,20.52677
2018-03-14,229.925354,288.741028,20.246675
2018-03-15,228.136078,292.88559,20.086624
2018-03-16,228.136078,291.9646,20.406729
2018-03-19,228.136078,307.622009,20.366718
2018-03-20,226.346786,315.450714,20.286692
2018-03-21,225.89946,309.46405,20.286692
2018-03-22,225.004791,309.46405,20.326704
2018-03-23,219.189545,302.095856,20.166653
2018-03-26,217.847595,319.595306,20.126637
2018-03-27,224.557465,315.450714,20.326704
2018-03-28,219.189545,306.700958,20.046612
2018-03-29,218.294907,304.858917,20.046612
2018-03-30,220.084213,313.148132,20.086624
2018-04-02,220.53154,309.924561,20.286692
2018-04-03,218.294907,302.095856,20.206665
2018-04-09,219.189545,301.635315,20.366718
2018-04-10,219.636887,301.174835,20.52677
2018-04-11,221.87352,312.227142,20.406729
2018-04-12,219.189545,305.319427,20.52677
2018-04-13,218.742233,309.46405,20.486759
2018-04-16,217.847595,314.990204,20.52677
2018-04-17,212.927017,313.148132,20.286692
2018-04-18,212.927017,333.410675,20.166653
2018-04-19,218.742233,332.029114,20.606798
2018-04-20,204.875137,326.502991,20.566786
2018-04-23,202.638519,322.818909,20.646811
2018-04-24,203.085831,314.529663,20.726835
2018-04-25,201.296539,310.385071,20.806862
2018-04-26,198.612579,297.951233,20.76685
2018-04-27,199.954559,312.687653,20.806862
2018-04-30,203.085831,313.148132,21.006927
2018-05-02,199.507217,304.858917,21.006927
2018-05-03,197.270599,294.727661,20.886889
2018-05-04,199.507217,299.793304,20.646811
2018-05-07,199.954559,293.346161,20.806862
2018-05-08,203.980499,299.332764,20.966915
2018-05-09,205.322464,302.095856,20.926901
2018-05-10,205.322464,303.477417,20.886889
2018-05-11,208.453751,294.267151,21.126968
2018-05-14,208.453751,294.727661,21.206995
2018-05-15,206.217102,293.806671,21.04694
2018-05-16,206.217102,293.806671,21.166983
2018-05-17,202.638519,285.517426,21.166983
2018-05-18,199.954559,288.280518,21.367048
2018-05-21,204.875137,289.201508,21.607126
2018-05-22,204.875137,295.188202,21.447073
2018-05-23,204.427811,294.727661,21.527102
2018-05-24,204.875137,296.569702,21.647141
2018-05-25,204.427811,298.411774,21.487087
2018-05-28,203.085831,293.346161,21.727165
2018-05-29,201.296539,290.122559,21.527102
2018-05-30,197.717926,285.517426,21.086954
2018-05-31,200.401886,286.898956,21.006927
2018-06-01,200.401886,293.806671,21.367048
2018-06-04,204.875137,303.477417,21.687153
2018-06-05,204.875137,299.332764,21.887218
2018-06-06,205.769791,304.858917,21.927233
2018-06-07,205.769791,304.858917,21.887218
2018-06-08,203.085831,303.937927,21.687153
2018-06-11,202.191193,306.240479,21.567114
2018-06-12,204.875137,298.411774,21.407061
2018-06-13,207.559113,295.188202,21.407061
2018-06-14,202.638519,290.122559,21.287022
2018-06-15,206.664429,290.122559,21.407061
2018-06-19,201.296539,287.359497,21.086954
2018-06-20,202.191193,285.517426,21.287022
2018-06-21,202.638519,287.359497,21.287022
2018-06-22,203.533157,285.977936,21.287022
2018-06-25,202.142273,285.517426,21.247009
2018-06-26,198.896866,273.083618,21.327034
2018-06-27,197.505997,273.083618,21.327034
2018-06-28,196.57872,273.544128,21.04694
2018-06-29,200.751389,276.30719,21.527102
2018-07-02,198.433243,280.912292,21.206995
2018-07-03,198.896866,280.451782,21.126968
2018-07-04,200.287735,274.465118,21.206995
2018-07-05,198.896866,259.26825,21.206995
2018-07-06,201.215027,262.491791,21.166983
2018-07-09,205.387665,260.10553,21.247009
2018-07-10,205.851303,267.264404,21.367048
2018-07-11,203.996796,263.44635,21.247009
2018-07-12,204.460403,270.12796,21.487087
2018-07-13,208.169464,272.036957,21.607126
2018-07-16,207.242203,269.650696,21.447073
2018-07-17,205.387665,272.514252,21.567114
2018-07-18,206.77858,268.218903,21.607126
2018-07-19,208.169464,271.082458,21.487087
2018-07-20,220.223831,267.264404,21.527102
2018-07-23,223.469193,259.151001,21.567114
2018-07-24,223.469193,243.401505,21.687153
2018-07-25,223.005569,250.560379,21.767178
2018-07-26,223.469193,251.037643,21.887218
2018-07-27,226.71463,255.332947,21.807194
2018-07-30,227.641891,248.174088,21.807194
2018-07-31,228.105499,242.446991,21.807194
2018-08-01,229.959991,262.491821,21.967247
2018-08-02,226.71463,256.76474,21.887218
2018-08-03,229.032745,261.537292,21.887218
2018-08-06,227.641891,260.582794,21.847206
2018-08-07,223.932816,262.969086,21.847206
2018-08-08,229.496368,264.878113,21.887218
2018-08-09,229.032745,262.491821,22.056559
2018-08-10,227.178268,262.014557,22.31057
2018-08-13,223.005569,251.514893,22.14123
2018-08-14,225.787384,252.946671,22.014225
2018-08-15,223.932816,248.174088,21.675545
2018-08-16,221.614716,236.24263,21.463869
2018-08-17,222.078339,235.765381,21.633209
2018-08-20,222.078339,235.765381,21.590872
2018-08-21,223.469193,234.333603,21.887218
2018-08-22,224.396439,236.24263,21.971889
2018-08-23,226.71463,241.492477,22.098894
2018-08-24,225.787384,238.628937,22.014225
2018-08-27,227.178268,236.24263,21.844885
2018-08-28,231.350922,240.537964,21.929554
2018-08-29,240.159882,244.356033,21.887218
2018-08-30,244.33252,244.356033,21.844885
2018-08-31,237.378067,240.060715,21.844885
2018-09-03,238.305344,238.151672,21.802549
2018-09-04,238.768982,241.969742,22.056559
2018-09-05,244.796158,242.446991,21.760216
2018-09-06,242.014374,243.401505,21.929554
2018-09-07,244.796158,236.71991,21.929554
2018-09-10,245.259796,231.470062,21.844885
2018-09-11,241.087112,232.901825,22.014225
2018-09-12,241.550751,232.901825,22.014225
2018-09-13,236.450821,230.992798,22.098894
2018-09-14,242.014374,234.333603,21.971889
2018-09-17,239.232605,232.424576,22.352905
2018-09-18,235.987198,233.379105,22.691584
2018-09-19,239.232605,233.856354,22.860924
2018-09-20,241.087112,227.174744,22.860924
2018-09-21,242.477997,231.947327,22.987928
2018-09-25,244.33252,232.424576,23.114937
2018-09-26,244.33252,230.515549,23.114937
2018-09-27,245.723434,230.515549,23.114937
2018-09-28,243.405243,235.288132,23.284275
2018-10-01,243.868881,238.628937,23.284275
2018-10-02,238.768982,233.856354,22.987928
2018-10-03,241.087112,234.810883,22.945597
2018-10-04,235.52356,230.992798,23.114937
2018-10-05,231.814545,223.833939,22.691584
2018-10-08,225.787384,222.879425,22.860924
2018-10-09,226.250992,218.106842,23.326611
2018-10-11,210.951233,200.925552,22.437576
2018-10-12,219.760178,209.993454,22.860924
2018-10-15,213.733017,210.947983,22.47991
2018-10-16,219.760178,211.902496,22.522245
2018-10-17,221.151077,214.288788,22.564579
2018-10-18,219.296555,214.766037,22.31057
2018-10-19,218.832901,212.379745,22.225899
2018-10-22,219.760178,211.425232,22.14123
2018-10-23,213.269379,204.266357,22.183563
2018-10-24,212.805771,204.266357,22.014225
2018-10-25,203.533157,200.448303,21.633209
2018-10-26,204.924042,192.81218,21.463869
2018-10-29,206.314926,198.539276,21.421532
2018-10-30,206.77858,197.584747,21.54854
2018-10-31,216.978394,217.152328,22.14123
2018-11-01,218.369293,213.334259,21.887218
2018-11-02,219.296555,217.152328,22.225899
2018-11-05,217.90567,219.53862,22.268232
2018-11-06,217.442017,219.53862,22.225899
2018-11-07,216.978394,224.311203,22.437576
2018-11-08,219.296555,224.311203,22.606916
2018-11-09,214.196625,218.106842,22.395241
2018-11-12,214.660263,223.833939,22.437576
2018-11-13,210.951233,220.493134,22.437576
2018-11-14,211.878479,219.53862,22.437576
2018-11-15,214.196625,220.970398,22.352905
2018-11-16,209.560318,209.993454,22.437576
2018-11-19,205.851303,213.334259,22.437576
2018-11-20,202.142273,214.766037,22.268232
2018-11-21,203.069534,212.85701,22.268232
2018-11-22,203.069534,212.379745,22.183563
2018-11-23,202.605911,211.902496,22.225899
2018-11-26,206.77858,217.629593,22.14123
2018-11-27,207.705826,221.447647,21.971889
2018-11-28,210.023956,225.742966,22.14123
2018-11-29,212.342117,220.970398,21.802549
2018-11-30,209.09671,226.697479,21.675545
2018-12-03,217.90567,234.333603,21.887218
2018-12-04,216.978394,240.537964,22.056559
2018-12-05,209.560318,233.379105,21.887218
2018-12-06,203.996796,219.061371,21.844885
2018-12-07,204.924042,222.879425,21.887218
2018-12-10,203.069534,218.584091,21.717878
2018-12-11,206.314926,217.629593,21.802549
2018-12-12,210.023956,222.402176,21.760216
2018-12-13,209.560318,226.697479,21.760216
2018-12-14,206.314926,225.265717,21.717878
2018-12-17,207.242203,224.311203,21.844885
2018-12-18,206.314926,223.833939,21.675545
2018-12-19,209.09671,225.265717,21.760216
2018-12-20,204.924042,214.766037,21.760216
2018-12-21,207.242203,213.334259,21.717878
2018-12-24,203.996796,214.766037,21.590872
2018-12-25,201.67865,210.947983,21.463869
2018-12-26,200.751389,209.993454,21.379198
2018-12-27,206.77858,214.766037,21.421532
2018-12-28,209.09671,219.061371,21.971889
2019-01-02,203.533157,210.470718,21.54854
2019-01-03,199.824097,213.334259,21.54854
2019-01-04,192.86969,207.129913,21.379198
2019-01-07,197.505997,209.03894,21.675545
2019-01-08,195.651474,211.902496,21.590872
2019-01-09,199.824097,215.720566,21.887218
2019-01-10,200.287735,215.720566,22.098894
2019-01-11,204.460403,217.152328,22.014225
2019-01-14,202.605911,220.970398,22.056559
2019-01-15,204.924042,222.402176,22.183563
2019-01-16,201.67865,226.22023,22.014225
2019-01-17,204.460403,226.22023,22.098894
2019-01-18,202.605911,232.901825,22.098894
2019-01-21,204.924042,233.379105,22.225899
2019-01-22,206.77858,230.992798,22.395241
2019-01-23,204.460403,230.0383,22.522245
2019-01-24,206.314926,233.379105,22.522245
2019-01-25,209.560318,236.71991,22.437576
2019-01-28,212.342117,237.197159,22.437576
2019-01-29,206.314926,234.333603,22.606916
2019-01-30,204.924042,231.947327,22.522245
2019-02-11,211.414856,247.696838,22.352905
2019-02-12,213.269379,245.787796,22.47991
2019-02-13,212.342117,247.219574,22.47991
2019-02-14,210.487595,243.878769,22.437576
2019-02-15,210.487595,240.537964,22.352905
2019-02-18,213.269379,241.969742,22.606916
2019-02-19,212.342117,238.628937,22.691584
2019-02-20,217.442017,243.878769,22.81859
2019-02-21,219.296555,247.219574,22.860924
2019-02-22,219.296555,251.992157,22.81859
2019-02-25,220.687439,269.650696,22.945597
2019-02-26,222.078339,263.923615,22.860924
2019-02-27,221.614716,267.264404,23.072601
2019-03-04,218.369293,264.400848,22.860924
2019-03-05,216.051163,260.582794,22.81859
2019-03-06,216.978394,267.264404,22.945597
2019-03-07,216.978394,261.537292,22.945597
2019-03-08,213.269379,255.332947,22.860924
2019-03-11,213.733017,257.719238,23.072601
2019-03-12,218.369293,258.196503,23.114937
2019-03-13,219.760178,260.582794,23.241943
2019-03-14,217.442017,260.10553,23.114937
2019-03-15,221.614716,263.44635,23.241943
2019-03-18,223.469193,265.355347,23.580622
2019-03-19,223.005569,262.969086,23.707626
2019-03-20,224.396439,262.014557,23.707626
2019-03-21,227.641891,264.878113,23.792295
2019-03-22,230.423645,271.082458,23.707626
2019-03-25,223.932816,263.923615,23.495951
2019-03-26,226.250992,268.218903,23.707626
2019-03-27,223.932816,266.78714,23.665291
2019-03-28,224.396439,263.923615,23.665291
2019-03-29,227.641891,269.650696,23.74996
2019-04-01,227.641891,272.514252,23.622955
2019-04-02,228.105499,277.286804,23.580622
2019-04-03,228.569122,277.286804,23.707626
2019-04-08,234.596313,281.104858,23.74996
2019-04-09,235.52356,285.877472,23.876968
2019-04-10,235.52356,286.354706,23.834633
2019-04-11,233.669052,278.241333,23.919302
2019-04-12,233.669052,280.15036,23.961636
2019-04-15,236.914459,283.013916,23.876968
2019-04-16,238.305344,286.354706,23.792295
2019-04-17,242.477997,275.377808,23.792295
2019-04-18,245.259796,277.764069,23.876968
2019-04-19,245.259796,276.80957,23.834633
2019-04-22,246.650681,275.855042,23.707626
2019-04-23,248.505157,276.80957,23.876968
2019-04-24,249.432419,276.332306,24.25798
2019-04-25,248.04155,274.900513,24.342651
2019-04-26,241.087112,276.80957,24.511993
2019-04-29,240.623505,274.423279,24.850672
2019-04-30,240.159882,282.059418,25.104683
2019-05-02,240.159882,284.445679,25.485699
2019-05-03,245.723434,294.945374,25.443363
2019-05-06,240.159882,292.081818,25.443363
2019-05-07,243.405243,296.85437,25.824377
2019-05-08,241.087112,295.899872,25.824377
2019-05-09,237.841705,286.354706,25.316359
2019-05-10,237.378067,284.922974,25.062347
2019-05-13,232.278183,273.46875,24.977678
2019-05-14,230.423645,275.855042,24.977678
2019-05-15,230.887268,276.80957,25.147017
2019-05-16,229.032745,274.900513,25.020012
2019-05-17,223.932816,277.764069,25.40103
2019-05-20,220.687439,276.80957,25.739708
2019-05-21,216.978394,277.286804,25.951382
2019-05-22,220.687439,274.423279,25.782043
2019-05-23,213.269379,278.718597,25.866713
2019-05-24,216.051163,273.946014,25.824377
2019-05-27,214.196625,268.218903,25.824377
2019-05-28,213.733017,267.741669,25.612703
2019-05-29,212.805771,267.741669,25.866713
2019-05-30,214.196625,283.013916,25.993719
2019-05-31,218.369293,296.85437,26.247728
2019-06-03,220.687439,299.717926,26.247728
2019-06-04,216.051163,296.85437,26.163059
2019-06-05,217.90567,298.763428,26.163059
2019-06-06,215.123886,293.036316,26.840422
2019-06-10,222.541946,301.626984,27.052095
2019-06-11,226.71463,293.990845,26.50174
2019-06-12,228.105499,295.422638,25.993719
2019-06-13,222.541946,295.422638,25.90905
2019-06-14,218.832901,293.036316,25.951382
2019-06-17,216.051163,286.83197,25.993719
2019-06-18,218.369293,294.468109,26.078388
2019-06-19,226.250992,294.468109,26.459404
2019-06-20,227.178268,295.899872,26.67108
2019-06-21,230.423645,299.240692,26.078388
2019-06-24,230.902695,301.149719,26.120724
2019-06-25,228.507446,297.331635,26.205397
2019-06-26,224.675018,296.377136,26.290064
2019-06-27,230.423645,298.763428,26.120724
2019-06-28,228.986511,299.717926,26.163059
2019-07-01,238.08847,299.717926,26.163059
2019-07-02,238.56752,304.49054,26.290064
2019-07-03,232.339859,303.058746,26.374735
2019-07-04,233.777023,304.49054,26.417068
2019-07-05,232.818924,306.399536,26.586409
2019-07-08,232.339859,308.363647,26.586409
2019-07-09,231.860809,307.87262,26.755751
2019-07-10,236.651321,312.29184,26.755751
2019-07-11,239.525635,316.71106,26.967426
2019-07-12,240.004684,312.29184,26.967426
2019-07-15,243.837082,308.854675,26.840422
2019-07-16,245.274246,308.363647,27.052095
2019-07-17,241.441833,304.435455,27.009758
2019-07-18,243.358047,296.579041,26.967426
2019-07-19,248.148544,299.03418,26.967426
2019-07-22,252.939072,302.962372,27.009758
2019-07-23,252.939072,308.854675,27.179098
2019-07-24,253.897156,302.471344,27.263771
2019-07-25,253.897156,307.381592,27.306105
2019-07-26,250.064758,307.87262,27.348438
2019-07-29,250.064758,313.273895,27.179098
2019-07-30,249.106659,319.657227,27.179098
2019-07-31,248.627609,308.854675,27.179098
2019-08-01,245.753296,308.363647,26.798086
2019-08-02,240.962784,310.327759,26.544073
2019-08-05,236.172256,306.399536,26.459404
2019-08-06,238.08847,303.4534,26.459404
2019-08-07,237.609421,312.29184,26.290064
2019-08-08,242.878983,310.818756,26.332399
2019-08-12,240.483734,317.202087,27.476042
2019-08-13,236.172256,312.29184,27.002317
2019-08-14,239.046585,313.764923,26.718084
2019-08-15,237.609421,310.818756,26.433847
2019-08-16,239.525635,316.220032,26.765455
2019-08-19,241.441833,346.663574,26.812826
2019-08-20,243.837082,344.699493,27.002317
2019-08-21,243.837082,340.771301,26.67071
2019-08-22,243.358047,338.80719,26.765455
2019-08-23,243.358047,336.352051,26.860201
2019-08-26,238.08847,336.843079,26.48122
2019-08-27,239.525635,339.298218,26.528593
2019-08-28,241.441833,359.430237,26.575964
2019-08-29,243.358047,358.939209,26.528593
2019-08-30,248.148544,360.90332,27.23918
2019-09-02,246.711395,363.849457,26.954947
2019-09-03,243.358047,357.466125,26.860201
2019-09-04,246.711395,358.448181,26.954947
2019-09-05,251.980972,360.90332,27.04969
2019-09-06,252.459991,367.777649,27.286552
2019-09-10,250.543808,371.214844,27.997139
2019-09-11,251.980972,367.777649,27.949768
2019-09-12,251.501953,368.268677,27.760277
2019-09-16,254.376205,375.143036,27.665533
2019-09-17,253.897156,376.125092,27.665533
2019-09-18,255.813416,375.143036,27.997139
2019-09-19,255.813385,373.669952,27.902395
2019-09-20,254.848053,379.562256,27.760277
2019-09-23,254.848053,381.035339,27.665533
2019-09-24,255.813385,380.053284,27.523415
2019-09-25,256.778717,373.178925,27.286552
2019-09-26,258.709381,369.250732,27.286552
2019-09-27,262.570679,362.376373,27.23918
2019-10-01,270.293396,369.74176,27.23918
2019-10-02,269.810669,365.32254,27.286552
2019-10-03,266.914673,372.687897,27.23918
2019-10-04,266.914673,378.5802,27.333925
2019-10-07,268.362701,377.107117,27.428671
2019-10-08,276.568024,377.598145,27.570787
2019-10-09,272.22406,365.32254,27.476042
2019-10-14,279.946716,363.849457,27.61816
2019-10-15,283.325378,360.412292,27.61816
2019-10-16,286.221375,353.537933,27.61816
2019-10-17,283.325378,364.340485,27.712906
2019-10-18,282.842743,363.358429,27.570787
2019-10-21,279.946716,362.376373,27.665533
2019-10-22,283.808044,364.831512,27.61816
2019-10-23,282.842743,365.32254,27.665533
2019-10-24,282.842743,374.652008,27.902395
2019-10-25,283.325378,372.196869,27.902395
2019-10-28,284.29071,380.053284,28.044514
2019-10-29,288.152008,385.945587,28.139257
2019-10-30,289.117371,389.382751,28.281376
2019-10-31,288.152008,400.676331,28.328747
2019-11-01,288.634735,397.730164,28.091885
2019-11-04,296.357391,404.604523,28.37612
2019-11-05,299.736053,417.371185,28.612984
2019-11-06,300.218689,426.209625,29.039333
2019-11-07,298.288025,417.371185,28.897217
2019-11-08,294.909363,406.568634,28.897217
2019-11-11,290.565399,396.257111,28.802471
2019-11-12,294.426758,402.640442,28.991962
2019-11-13,293.461395,400.676331,28.897217
2019-11-14,292.978699,403.131439,28.802471
2019-11-15,296.357391,414.425018,28.94459
2019-11-18,300.218689,411.96991,29.086708
2019-11-19,304.080048,413.442963,29.086708
2019-11-20,302.63208,407.059662,29.039333
2019-11-21,300.218689,399.694275,28.7551
2019-11-22,298.288025,403.622467,28.802471
2019-11-25,296.357391,410.987854,28.802471
2019-11-26,296.357391,412.460938,28.802471
2019-11-27,300.218689,414.916046,29.086708
2019-11-28,298.770721,423.754486,29.039333
2019-11-29,294.426758,413.93399,28.707727
2019-12-02,296.840057,409.023743,28.707727
2019-12-03,296.357391,410.496826,28.470863
2019-12-04,295.392059,416.880157,28.565609
2019-12-05,301.184052,412.460938,28.565609
2019-12-06,302.149353,407.55069,28.470863
2019-12-09,305.04541,418.844238,28.565609
2019-12-10,302.63208,417.371185,28.612984
2019-12-11,307.941406,421.299377,28.518238
2019-12-12,320.008026,419.826294,28.565609
2019-12-13,327.248047,424.736542,28.707727
2019-12-16,324.352051,434.06601,28.7551
2019-12-17,333.040039,452.233948,29.039333
2019-12-18,332.557373,448.305756,29.039333
2019-12-19,325.75061,446.341644,28.94459
2019-12-20,319.916321,437.994232,28.94459
2019-12-23,324.778259,440.940369,29.228825
2019-12-24,322.833496,437.012177,29.181452
2019-12-25,323.805878,443.886505,29.181452
2019-12-26,323.805878,440.940369,29.181452
2019-12-27,328.667786,438.48526,29.276197
2019-12-30,325.264465,438.48526,29.086708
2019-12-31,321.861084,435.539093,28.991962
2020-01-02,329.640198,433.574982,28.991962
2020-01-03,330.126404,426.700653,29.181452
2020-01-06,322.833496,416.38913,28.991962
2020-01-07,320.402496,418.35321,28.991962
2020-01-08,320.402496,422.772461,29.086708
2020-01-09,328.18161,429.155762,29.276197
2020-01-10,330.126404,424.245514,29.32357
2020-01-13,332.071136,414.425018,30.034157
2020-01-14,336.44693,408.532715,30.318392
2020-01-15,330.61261,408.532715,30.128901
2020-01-16,325.264465,413.442963,30.271021
2020-01-17,323.805878,412.951965,30.413136
2020-01-20,323.805878,411.478882,30.649998
2020-01-30,307.761414,376.616119,29.560432
2020-01-31,311.164795,381.035339,29.892038
2020-02-03,306.302856,375.143036,29.939413
2020-02-04,316.026733,383.490448,30.128901
2020-02-05,318.457733,374.16098,30.318392
2020-02-06,323.319672,375.143036,30.649998
2020-02-07,318.943909,374.16098,30.318392
2020-02-10,318.457733,373.178925,30.365763
2020-02-11,322.34726,382.99942,30.46051
2020-02-12,325.75061,394.292999,30.413136
2020-02-13,325.75061,401.167358,30.507883
2020-02-14,325.75061,398.221191,30.602627
2020-02-17,322.34726,390.855835,30.792116
2020-02-18,313.109558,384.963531,31.171099
2020-02-19,317.485321,381.526367,31.692194
2020-02-20,316.51297,386.927643,31.834311
2020-02-21,316.026733,381.035339,31.455332
2020-02-24,311.164795,370.232788,30.981607
2020-02-25,313.109558,371.705872,30.981607
2020-02-26,309.706207,368.268677,30.649998
2020-02-27,307.275208,353.537933,30.649998
2020-03-02,302.413269,356.4841,30.271021
2020-03-03,308.733795,365.32254,30.555254
2020-03-04,311.65097,363.849457,30.649998
2020-03-05,314.08194,378.089172,31.171099
2020-03-06,306.302856,371.705872,30.744745
2020-03-09,297.065125,359.921265,30.08153
2020-03-10,298.523743,366.795624,29.702549
2020-03-11,293.661774,356.4841,29.560432
2020-03-12,285.88266,329.96875,28.612984
2020-03-13,281.993103,334.878998,28.423492
2020-03-16,268.865784,314.255951,27.476042
2020-03-17,260.600525,309.836731,26.528593
2020-03-18,252.821381,296.088013,26.528593
2020-03-19,243.494003,269.081665,25.012672
2020-03-20,265.094269,295.596985,26.48122
2020-03-23,250.366806,302.471344,25.581142
2020-03-24,262.639679,324.076447,25.91275
2020-03-25,271.967072,328.495667,26.48122
2020-03-26,274.912567,337.334106,26.67071
2020-03-27,268.039764,333.896942,27.144434
2020-03-30,262.639679,330.459778,27.144434
2020-03-31,269.021576,321.621307,26.954947
2020-04-01,266.567017,328.004639,26.575964
2020-04-06,270.494324,334.878998,26.954947
2020-04-07,277.858063,340.771301,26.907572
2020-04-08,279.821716,343.22641,26.907572
2020-04-09,277.858063,345.190521,27.002317
2020-04-10,274.421661,343.717438,27.61816
2020-04-13,273.439819,345.190521,27.097063
2020-04-14,279.821716,358.939209,27.333925
2020-04-15,282.276306,358.939209,27.665533
2020-04-16,281.294464,355.011017,27.286552
2020-04-17,300.931061,361.394348,27.523415
2020-04-20,298.476501,363.358429,27.381298
2020-04-21,289.640015,347.154602,26.860201
2020-04-22,288.658203,339.789246,26.812826
2020-04-23,290.130951,344.699493,26.812826
2020-04-24,288.658203,342.244354,26.718084
2020-04-27,292.58551,365.32254,27.191809
2020-04-28,291.112762,368.268677,27.902395
2020-04-29,293.567352,390.855835,28.37612
2020-04-30,298.967407,407.55069,28.518238
2020-05-04,289.640015,392.328918,27.80765
2020-05-05,290.130951,394.292999,28.281376
2020-05-06,290.621857,400.676331,27.997139
2020-05-07,292.094604,403.622467,27.997139
2020-05-08,292.094604,404.113495,28.423492
2020-05-11,295.531006,402.640442,28.802471
2020-05-12,289.640015,399.694275,28.707727
2020-05-13,291.603699,412.460938,28.707727
2020-05-14,287.676361,403.622467,28.660355
2020-05-15,292.58551,403.622467,28.660355
2020-05-18,284.730865,432.592957,28.470863
2020-05-19,286.203613,453.707031,28.94459
2020-05-20,288.658203,461.563416,29.181452
2020-05-21,292.094604,456.16214,29.370941
2020-05-22,286.694519,434.06601,28.849846
2020-05-25,286.694519,451.74292,28.7551
2020-05-26,290.130951,451.74292,29.039333
2020-05-27,291.112762,456.16214,29.086708
2020-05-28,288.658203,451.74292,28.849846
2020-05-29,286.694519,454.689056,29.134079
2020-06-01,290.130951,453.216003,29.086708
2020-06-02,291.112762,476.294159,29.276197
2020-06-03,295.531006,481.204407,29.655176
2020-06-04,300.440155,481.204407,29.749922
2020-06-05,305.840271,485.132599,29.844667
2020-06-08,312.222168,485.623627,30.128901
2020-06-09,313.203979,488.569794,30.176275
2020-06-10,316.640381,491.024902,30.413136
2020-06-11,314.676727,487.587738,30.128901
2020-06-12,310.258484,483.659546,29.844667
2020-06-15,303.876587,483.659546,29.655176
2020-06-16,309.276672,500.845398,30.034157
2020-06-17,309.276672,500.845398,30.034157
2020-06-18,311.256042,503.791565,29.986784
2020-06-19,311.256042,536.199219,29.607805
2020-06-22,308.78183,565.660706,29.51306
2020-06-23,311.750885,563.696594,29.51306
2020-06-24,314.225098,569.588867,29.607805
2020-06-29,308.78183,554.858154,29.276197
2020-06-30,309.771515,568.606873,29.276197
2020-07-01,314.225098,566.642761,29.607805
2020-07-02,318.67868,563.696594,29.892038
2020-07-03,326.101318,574.499146,29.892038
2020-07-06,334.513641,589,30.271021
2020-07-07,335.008484,618,30.318392
2020-07-08,337.482697,661,30.365763
2020-07-09,341.441437,651,30.555254
2020-07-10,344.905334,616,30.318392
2020-07-13,350.843445,629,30.365763
2020-07-14,359.75061,611,30.507883
2020-07-15,359.255768,609,30.46051
2020-07-16,353.8125,599,30.46051
2020-07-17,363.214508,607,30.555254
2020-07-20,362.224823,601,30.744745
2020-07-21,379.049469,637,30.839489
2020-07-22,380.039154,664,30.981607
2020-07-23,377.564941,677,30.981607
2020-07-24,382.018524,675,30.46051
2020-07-27,420.121399,728,29.939413
2020-07-28,430.513123,680,29.986784
2020-07-29,417.647186,682,30.507883
2020-07-30,429.523438,683,30.649998
2020-07-31,421.111084,701,30.649998
2020-08-03,411.709076,696,30.413136
2020-08-04,421.111084,732,30.555254
2020-08-05,424.574982,730,30.507883
2020-08-06,430.513123,732,30.744745
2020-08-07,428.533752,705,30.744745
2020-08-10,431.007965,706,30.792116
2020-08-11,424.574982,693,30.744745
2020-08-12,414.678131,680,30.649998
2020-08-13,424.574982,684,30.4
2020-08-14,422.595612,680,30.049999
2020-08-17,430.513123,685,30
2020-08-18,428.533752,617,29.950001
2020-08-19,423.090454,609,29.9
2020-08-20,410.719391,565,29.4
2020-08-21,420.121399,604,29.6
2020-08-24,423.585297,585,29.6
2020-08-25,430.01828,589,29.5
2020-08-26,437.440918,578,29.549999
2020-08-27,439.420288,558,29.4
2020-08-28,430.513123,574,29.4
2020-08-31,422.100769,556,29.25
2020-09-01,430.513123,576,29.049999
2020-09-02,428.533752,596,28.9
2020-09-03,431.502808,603,28.9
2020-09-04,424.574982,603,28.65
2020-09-07,421.605927,598,28.85
2020-09-08,426.554382,604,28.85
2020-09-09,422.595612,595,28.75
2020-09-10,430.513123,599,28.75
2020-09-11,431.99765,595,28.65
2020-09-14,436.451233,609,28.65
2020-09-15,440.409973,611,28.65
2020-09-16,453.275879,617,28.75
2020-09-17,446.310059,599,28.549999
2020-09-18,441.832031,611,28.450001
2020-09-21,437.851563,616,28.200001
2020-09-22,434.866211,603,27.85
2020-09-23,431.383301,617,27.5
2020-09-24,420.93457,600,27
2020-09-25,421.929688,585,27.450001
2020-09-28,429.393066,603,27.9
2020-09-29,428.895508,610,27.799999
2020-09-30,430.885742,607,27.799999
2020-10-05,430.388184,611,27.799999
2020-10-06,437.354004,615,27.950001
2020-10-07,440.836914,647,27.950001
2020-10-08,450.788086,670,28
2020-10-12,457.753906,714,28.25
2020-10-13,459.744141,699,28.15
2020-10-14,456.758789,689,28
2020-10-15,450.788086,689,27.75
2020-10-16,446.807617,680,27.700001
2020-10-19,455.266113,692,27.799999
2020-10-20,448.797852,697,27.700001
2020-10-21,450.788086,691,27.65
2020-10-22,452.77832,688,27.799999
2020-10-23,449.792969,678,27.75
2020-10-26,447.802734,674,27.799999
2020-10-27,444.817383,685,27.700001
2020-10-28,441.832031,681,27.65
2020-10-29,434.866211,684,27.5
2020-10-30,429.890625,678,27.549999
2020-11-02,433.373535,653,27.950001
2020-11-03,438.84668,665,28.1
2020-11-04,447.802734,677,28.1
2020-11-05,448.797852,696,28.4
2020-11-06,450.290527,700,28.5
2020-11-09,456.26123,702,28.75
2020-11-10,448.797852,686,29
2020-11-11,454.768555,676,29.700001
2020-11-12,455.763672,673,29.200001
2020-11-13,459.744141,675,29.35
2020-11-16,481.636719,694,29.450001
2020-11-17,483.129395,696,29.450001
2020-11-18,494.573242,728,29.65
2020-11-19,487.607422,733,29.6
2020-11-20,485.617188,747,29.549999
2020-11-23,494.075684,743,29.700001
2020-11-24,489.597656,742,29.299999
2020-11-25,484.62207,724,29.25
2020-11-26,486.612305,730,29.299999
2020-11-27,486.612305,725,29.1
2020-11-30,478.153809,704,28.450001
2020-12-01,487.607422,697,29.15
2020-12-02,496.563477,712,29.200001
2020-12-03,494.573242,700,29.200001
2020-12-04,500.543945,705,29.1
2020-12-07,511.490234,704,29
2020-12-08,521.441406,730,28.700001
2020-12-09,517.460938,734,28.75
2020-12-10,509.5,709,28.799999
2020-12-11,513.480469,707,29.299999
2020-12-14,505.519531,702,29.299999
2020-12-15,501.539063,701,29.049999
2020-12-16,509.5,701,29.4
2020-12-17,508,704,29.5
2020-12-18,510,699,29.5
2020-12-21,516,708,29.65
2020-12-22,509,703,29.65
2020-12-23,509,720,29.450001
2020-12-24,510,714,29.450001
2020-12-25,511,715,29.35
2020-12-28,515,740,29.549999
2020-12-29,515,734,29.549999
2020-12-30,525,746,29.9
2020-12-31,530,747,29.799999
2021-01-04,536,792,29.9
2021-01-05,542,797,29.85
2021-01-06,549,792,29.450001
2021-01-07,565,799,29.75
2021-01-08,580,838,30
2021-01-11,584,851,30.049999
2021-01-12,591,846,29.75
2021-01-13,605,884,29.799999
2021-01-14,592,861,29.75
2021-01-15,601,850,29.299999
2021-01-18,607,844,29.15
2021-01-19,627,879,29.1
2021-01-20,647,872,28.700001
2021-01-21,673,934,28.700001
2021-01-22,649,917,28.6
2021-01-25,633,910,28.85
2021-01-26,617,871,28.700001
2021-01-27,615,897,28.700001
2021-01-28,601,869,28.549999
2021-01-29,591,875,28.15
2021-02-01,611,905,28.65
2021-02-02,632,931,28.700001
2021-02-03,630,950,28.799999
2021-02-04,627,946,28.799999
2021-02-05,632,950,28.799999
2021-02-17,663,980,29.4
2021-02-18,660,978,29.25
2021-02-19,652,964,29.15
2021-02-22,650,951,29.1
2021-02-23,641,965,29.549999
2021-02-24,625,940,29.299999
2021-02-25,635,944,29.65
2021-02-26,606,896,29.200001
2021-03-02,609,900,29.65
2021-03-03,622,930,29.75
2021-03-04,601,897,29.6
2021-03-05,601,883,29.700001
2021-03-08,598,867,29.9
2021-03-09,595,879,30.6
2021-03-10,597,864,30.6
